context,symbol,symbol_id,week_key,signal_direction,vol_state,full,baseline,full_h3,baseline_h3,full_h6,baseline_h6,full_h12,baseline_h12,full_h48,baseline_h48
FX_SPOT,EURCAD,17,2025-W38,-1,HIGH,6,6,6,6,6,6,6,6,5,6
FX_SPOT,EURCAD,17,2025-W38,-1,LOW,1,8,1,8,1,8,1,8,0,8
FX_SPOT,EURCAD,17,2025-W38,1,HIGH,1,10,1,10,1,10,1,10,1,10
FX_SPOT,EURCAD,17,2025-W38,1,LOW,1,7,1,7,1,7,1,7,1,6
FX_SPOT,EURCAD,17,2025-W39,-1,HIGH,7,15,7,15,7,15,7,15,7,14
FX_SPOT,EURCAD,17,2025-W39,-1,LOW,3,29,3,29,3,28,3,28,3,28
FX_SPOT,EURCAD,17,2025-W39,1,HIGH,6,17,6,17,6,17,6,17,5,17
FX_SPOT,EURCAD,17,2025-W39,1,LOW,14,14,14,14,14,14,14,14,14,14
FX_SPOT,EURCAD,17,2025-W40,-1,HIGH,5,24,5,24,5,24,5,24,5,24
FX_SPOT,EURCAD,17,2025-W40,-1,LOW,1,25,1,25,1,25,1,25,1,24
FX_SPOT,EURCAD,17,2025-W40,1,HIGH,8,22,8,22,8,22,8,22,8,21
FX_SPOT,EURCAD,17,2025-W40,1,LOW,13,14,13,14,13,14,13,14,13,13
FX_SPOT,EURCAD,17,2025-W41,-1,HIGH,11,13,11,13,11,13,11,13,11,11
FX_SPOT,EURCAD,17,2025-W41,-1,LOW,7,21,7,20,7,20,7,20,7,20
FX_SPOT,EURCAD,17,2025-W41,1,HIGH,4,23,4,23,4,23,4,23,2,23
FX_SPOT,EURCAD,17,2025-W41,1,LOW,11,13,11,13,11,13,11,13,11,13
FX_SPOT,EURCAD,17,2025-W42,-1,HIGH,1,18,1,18,1,18,1,18,1,18
FX_SPOT,EURCAD,17,2025-W42,-1,LOW,3,23,3,23,3,23,3,23,3,23
FX_SPOT,EURCAD,17,2025-W42,1,HIGH,11,5,11,5,11,5,11,5,11,5
FX_SPOT,EURCAD,17,2025-W42,1,LOW,16,12,16,12,16,12,16,12,16,12
FX_SPOT,EURCAD,17,2025-W43,-1,HIGH,6,13,6,13,6,13,6,13,6,12
FX_SPOT,EURCAD,17,2025-W43,-1,LOW,12,21,12,21,12,20,12,20,12,20
FX_SPOT,EURCAD,17,2025-W43,1,HIGH,7,12,7,12,7,12,7,12,7,10
FX_SPOT,EURCAD,17,2025-W43,1,LOW,8,26,8,26,8,26,8,26,8,26
FX_SPOT,EURCAD,17,2025-W44,-1,HIGH,15,11,14,11,14,11,14,11,13,11
FX_SPOT,EURCAD,17,2025-W44,-1,LOW,4,23,4,23,4,23,4,23,4,23
FX_SPOT,EURCAD,17,2025-W44,1,HIGH,5,20,5,20,5,20,5,20,5,19
FX_SPOT,EURCAD,17,2025-W44,1,LOW,11,17,11,17,11,17,11,17,11,17
FX_SPOT,EURCAD,17,2025-W45,-1,HIGH,4,24,4,24,4,24,3,24,3,24
FX_SPOT,EURCAD,17,2025-W45,-1,LOW,4,28,4,28,4,28,4,28,4,28
FX_SPOT,EURCAD,17,2025-W45,1,HIGH,12,14,12,14,12,14,12,14,12,13
FX_SPOT,EURCAD,17,2025-W45,1,LOW,8,24,8,24,8,24,8,24,8,24
FX_SPOT,EURCAD,17,2025-W46,-1,HIGH,7,20,7,20,7,20,7,20,7,20
FX_SPOT,EURCAD,17,2025-W46,-1,LOW,3,17,3,17,3,17,3,16,3,15
FX_SPOT,EURCAD,17,2025-W46,1,HIGH,11,15,11,15,11,15,11,15,11,14
FX_SPOT,EURCAD,17,2025-W46,1,LOW,4,17,4,17,4,17,4,17,4,16
FX_SPOT,EURCAD,17,2025-W47,-1,HIGH,12,13,12,13,12,13,12,13,11,13
FX_SPOT,EURCAD,17,2025-W47,-1,LOW,6,23,6,23,6,23,6,23,6,23
FX_SPOT,EURCAD,17,2025-W47,1,HIGH,2,20,2,20,2,20,2,20,2,19
FX_SPOT,EURCAD,17,2025-W47,1,LOW,7,28,7,28,7,28,7,27,7,27
FX_SPOT,EURCAD,17,2025-W48,-1,HIGH,5,15,5,15,5,15,5,15,5,13
FX_SPOT,EURCAD,17,2025-W48,-1,LOW,9,23,9,23,9,23,9,23,9,23
FX_SPOT,EURCAD,17,2025-W48,1,HIGH,5,18,5,18,5,18,5,18,5,17
FX_SPOT,EURCAD,17,2025-W48,1,LOW,2,26,2,26,2,26,2,26,2,26
FX_SPOT,EURCAD,17,2025-W49,-1,HIGH,6,12,6,12,6,12,6,12,4,12
FX_SPOT,EURCAD,17,2025-W49,-1,LOW,2,26,2,26,2,26,2,26,2,26
FX_SPOT,EURCAD,17,2025-W49,1,HIGH,5,12,5,12,5,12,5,12,5,10
FX_SPOT,EURCAD,17,2025-W49,1,LOW,11,19,11,19,11,19,11,19,11,19
FX_SPOT,EURCAD,17,2025-W50,-1,HIGH,1,20,1,20,1,20,1,20,1,18
FX_SPOT,EURCAD,17,2025-W50,-1,LOW,6,19,6,19,6,19,6,18,6,18
FX_SPOT,EURCAD,17,2025-W50,1,HIGH,10,10,10,10,10,10,10,10,9,10
FX_SPOT,EURCAD,17,2025-W50,1,LOW,10,18,10,18,10,18,10,18,10,17
FX_SPOT,EURCAD,17,2025-W51,-1,HIGH,7,10,7,10,7,10,7,10,7,10
FX_SPOT,EURCAD,17,2025-W51,-1,LOW,8,26,8,26,8,26,8,25,8,25
FX_SPOT,EURCAD,17,2025-W51,1,HIGH,3,14,3,14,3,14,3,14,3,13
FX_SPOT,EURCAD,17,2025-W51,1,LOW,11,20,11,20,11,20,11,20,11,20
FX_SPOT,EURCAD,17,2025-W52,-1,HIGH,10,5,10,5,10,5,10,4,9,4
FX_SPOT,EURCAD,17,2025-W52,-1,LOW,1,12,1,12,1,12,1,12,1,12
FX_SPOT,EURCAD,17,2025-W52,1,HIGH,1,16,1,16,1,16,1,15,1,14
FX_SPOT,EURCAD,17,2025-W52,1,LOW,4,8,4,8,4,8,4,8,4,8
FX_SPOT,EURCAD,17,2026-W01,-1,HIGH,6,10,6,9,6,9,6,9,6,7
FX_SPOT,EURCAD,17,2026-W01,-1,LOW,5,13,5,13,5,13,5,13,5,12
FX_SPOT,EURCAD,17,2026-W01,1,HIGH,0,16,0,15,0,15,0,15,0,13
FX_SPOT,EURCAD,17,2026-W01,1,LOW,7,11,7,11,7,11,7,11,7,10
FX_SPOT,EURCAD,17,2026-W02,-1,HIGH,2,15,2,15,2,14,2,14,2,13
FX_SPOT,EURCAD,17,2026-W02,-1,LOW,6,27,6,27,6,27,6,27,6,27
FX_SPOT,EURCAD,17,2026-W02,1,HIGH,7,8,7,8,7,8,6,8,6,8
FX_SPOT,EURCAD,17,2026-W02,1,LOW,12,25,12,25,12,25,12,25,12,25
FX_SPOT,EURCAD,17,2026-W03,-1,HIGH,5,17,5,17,5,17,5,17,5,16
FX_SPOT,EURCAD,17,2026-W03,-1,LOW,5,22,5,22,5,22,5,22,5,22
FX_SPOT,EURCAD,17,2026-W03,1,HIGH,2,21,2,21,2,21,2,21,2,21
FX_SPOT,EURCAD,17,2026-W03,1,LOW,6,19,6,19,6,19,6,18,6,18
FX_SPOT,EURCAD,17,2026-W04,-1,HIGH,9,17,9,17,9,17,9,17,9,15
FX_SPOT,EURCAD,17,2026-W04,-1,LOW,11,21,11,21,11,21,11,21,11,21
FX_SPOT,EURCAD,17,2026-W04,1,HIGH,9,20,9,20,9,20,9,20,9,18
FX_SPOT,EURCAD,17,2026-W04,1,LOW,9,21,9,21,9,21,9,21,9,21
FX_SPOT,EURCAD,17,2026-W05,-1,HIGH,14,10,14,10,14,10,14,10,14,10
FX_SPOT,EURCAD,17,2026-W05,-1,LOW,8,24,8,24,8,24,8,24,8,22
FX_SPOT,EURCAD,17,2026-W05,1,HIGH,6,20,6,20,6,20,6,19,6,19
FX_SPOT,EURCAD,17,2026-W05,1,LOW,6,22,6,22,6,22,6,22,6,21
FX_SPOT,EURCAD,17,2026-W06,-1,HIGH,10,18,10,18,10,18,10,18,10,18
FX_SPOT,EURCAD,17,2026-W06,-1,LOW,7,26,7,26,7,26,7,25,7,25
FX_SPOT,EURCAD,17,2026-W06,1,HIGH,7,20,7,20,7,20,7,20,7,20
FX_SPOT,EURCAD,17,2026-W06,1,LOW,11,23,11,23,11,23,11,23,11,23
FX_SPOT,EURCAD,17,2026-W07,-1,HIGH,4,15,4,14,4,14,4,14,4,14
FX_SPOT,EURCAD,17,2026-W07,-1,LOW,13,16,13,16,13,16,13,16,13,16
FX_SPOT,EURCAD,17,2026-W07,1,HIGH,2,19,2,19,2,19,2,19,2,18
FX_SPOT,EURCAD,17,2026-W07,1,LOW,2,26,2,26,2,26,2,26,2,26
FX_SPOT,EURCAD,17,2026-W08,-1,HIGH,7,16,7,16,7,16,7,16,7,16
FX_SPOT,EURCAD,17,2026-W08,-1,LOW,2,28,2,27,2,27,2,27,2,24
FX_SPOT,EURCAD,17,2026-W08,1,HIGH,4,16,4,16,4,16,4,16,3,16
FX_SPOT,EURCAD,17,2026-W08,1,LOW,12,19,12,19,12,19,12,19,10,18
FX_SPOT,EURCAD,17,2026-W09,-1,HIGH,7,15,7,15,7,15,7,15,7,15
FX_SPOT,EURCAD,17,2026-W09,-1,LOW,4,21,3,21,3,21,3,21,3,21
FX_SPOT,EURCAD,17,2026-W09,1,HIGH,3,20,3,20,3,20,3,20,3,19
FX_SPOT,EURCAD,17,2026-W09,1,LOW,3,18,3,18,3,18,3,18,3,18
FX_SPOT,EURCAD,17,2026-W10,-1,HIGH,10,11,10,11,10,11,10,11,10,11
FX_SPOT,EURCAD,17,2026-W10,-1,LOW,12,15,12,15,12,15,12,15,11,15
FX_SPOT,EURCAD,17,2026-W10,1,HIGH,2,22,2,22,2,22,2,22,2,22
FX_SPOT,EURCAD,17,2026-W10,1,LOW,7,18,7,18,7,18,7,17,7,16
FX_SPOT,EURCAD,17,2026-W11,-1,HIGH,2,17,2,17,2,17,2,17,2,16
FX_SPOT,EURCAD,17,2026-W11,-1,LOW,7,22,7,22,7,22,7,22,7,21
FX_SPOT,EURCAD,17,2026-W11,1,HIGH,8,14,8,14,8,14,8,14,8,13
FX_SPOT,EURCAD,17,2026-W11,1,LOW,3,21,3,21,3,21,3,21,3,21
FX_SPOT,EURCAD,17,2026-W12,-1,HIGH,6,17,6,17,6,17,6,17,5,17
FX_SPOT,EURCAD,17,2026-W12,-1,LOW,3,19,3,19,3,19,3,19,3,16
FX_SPOT,EURCAD,17,2026-W12,1,HIGH,9,12,9,12,9,12,9,12,9,10
FX_SPOT,EURCAD,17,2026-W12,1,LOW,7,17,7,17,7,17,7,16,7,14
FX_SPOT,EURCAD,17,2026-W13,-1,HIGH,4,19,4,19,4,19,4,19,4,19
FX_SPOT,EURCAD,17,2026-W13,-1,LOW,1,21,1,21,1,21,1,21,1,20
FX_SPOT,EURCAD,17,2026-W13,1,HIGH,7,18,7,18,7,18,7,18,7,18
FX_SPOT,EURCAD,17,2026-W13,1,LOW,10,12,10,12,10,12,10,11,8,11
FX_SPOT,EURCAD,17,2026-W14,-1,HIGH,4,16,4,16,4,16,4,16,4,15
FX_SPOT,EURCAD,17,2026-W14,-1,LOW,9,23,9,23,9,23,8,23,8,23
FX_SPOT,EURCAD,17,2026-W14,1,HIGH,9,11,9,11,9,11,9,11,9,10
FX_SPOT,EURCAD,17,2026-W14,1,LOW,13,19,13,19,13,19,13,19,13,18
FX_SPOT,EURCAD,17,2026-W15,-1,HIGH,3,19,3,19,3,19,3,19,3,17
FX_SPOT,EURCAD,17,2026-W15,-1,LOW,4,21,4,21,4,21,4,21,4,21
FX_SPOT,EURCAD,17,2026-W15,1,HIGH,12,10,12,10,12,10,12,10,9,10
FX_SPOT,EURCAD,17,2026-W15,1,LOW,6,21,6,21,6,21,6,21,6,21
FX_SPOT,EURCAD,17,2026-W16,-1,HIGH,11,12,11,12,11,12,11,12,9,12
FX_SPOT,EURCAD,17,2026-W16,-1,LOW,11,21,11,21,11,21,10,21,10,21
FX_SPOT,EURCAD,17,2026-W16,1,HIGH,5,20,5,20,5,20,5,20,5,19
FX_SPOT,EURCAD,17,2026-W16,1,LOW,8,23,8,23,8,23,8,22,8,22
FX_SPOT,EURCAD,17,2026-W17,-1,HIGH,9,18,9,18,9,18,9,18,9,16
FX_SPOT,EURCAD,17,2026-W17,-1,LOW,13,17,13,17,13,17,13,17,13,17
FX_SPOT,EURCAD,17,2026-W17,1,HIGH,5,21,5,21,5,21,5,20,5,19
FX_SPOT,EURCAD,17,2026-W17,1,LOW,5,26,5,26,5,26,5,26,5,26
FX_SPOT,EURCAD,17,2026-W18,-1,HIGH,3,16,3,16,3,16,3,16,3,16
FX_SPOT,EURCAD,17,2026-W18,-1,LOW,8,14,8,14,8,14,8,14,8,14
FX_SPOT,EURCAD,17,2026-W18,1,HIGH,6,16,6,15,6,15,6,15,6,15
FX_SPOT,EURCAD,17,2026-W18,1,LOW,3,16,3,16,3,16,3,16,3,16
FX_SPOT,EURCAD,17,2026-W19,-1,HIGH,1,27,1,27,1,27,1,27,1,25
FX_SPOT,EURCAD,17,2026-W19,-1,LOW,10,17,10,17,10,17,10,17,10,17
FX_SPOT,EURCAD,17,2026-W19,1,HIGH,13,11,13,11,13,11,13,11,13,9
FX_SPOT,EURCAD,17,2026-W19,1,LOW,9,21,9,21,9,21,8,21,8,21
FX_SPOT,EURCAD,17,2026-W20,-1,HIGH,10,16,10,16,10,16,10,16,9,16
FX_SPOT,EURCAD,17,2026-W20,-1,LOW,9,13,9,13,9,13,9,13,9,13
FX_SPOT,EURCAD,17,2026-W20,1,HIGH,5,22,5,22,5,22,5,22,5,20
FX_SPOT,EURCAD,17,2026-W20,1,LOW,3,19,3,19,3,19,3,19,3,19
FX_SPOT,EURCAD,17,2026-W21,-1,HIGH,6,16,6,16,6,16,6,16,6,13
FX_SPOT,EURCAD,17,2026-W21,-1,LOW,12,9,12,9,12,9,12,9,12,9
FX_SPOT,EURCAD,17,2026-W21,1,HIGH,10,10,10,10,10,10,10,10,8,10
FX_SPOT,EURCAD,17,2026-W21,1,LOW,5,20,5,20,5,19,5,19,5,19
FX_SPOT,EURCAD,17,2026-W22,-1,HIGH,4,17,4,17,4,17,4,17,4,15
FX_SPOT,EURCAD,17,2026-W22,-1,LOW,5,18,5,18,5,18,5,18,5,18
FX_SPOT,EURCAD,17,2026-W22,1,HIGH,7,17,7,16,7,16,7,16,6,16
FX_SPOT,EURCAD,17,2026-W22,1,LOW,2,19,2,19,2,19,2,19,2,19
FX_SPOT,EURCAD,17,2026-W23,-1,HIGH,2,10,2,10,2,10,2,10,0,10
FX_SPOT,EURCAD,17,2026-W23,-1,LOW,1,17,1,17,1,17,1,16,1,14
FX_SPOT,EURCAD,17,2026-W23,1,HIGH,3,11,3,11,3,11,3,11,3,6
FX_SPOT,EURCAD,17,2026-W23,1,LOW,7,11,7,11,7,11,7,11,7,10
FX_SPOT,EURCAD,17,2026-W24,-1,HIGH,6,20,6,20,6,20,6,20,6,20
FX_SPOT,EURCAD,17,2026-W24,-1,LOW,1,26,1,26,1,25,1,25,1,24
FX_SPOT,EURCAD,17,2026-W24,1,HIGH,11,16,11,16,11,16,11,16,11,16
FX_SPOT,EURCAD,17,2026-W24,1,LOW,10,18,10,17,10,17,10,16,10,16
FX_SPOT,EURCAD,17,2026-W25,-1,HIGH,8,13,8,13,8,13,8,13,8,12
FX_SPOT,EURCAD,17,2026-W25,-1,LOW,3,16,3,16,3,16,3,16,3,15
FX_SPOT,EURCAD,17,2026-W25,1,HIGH,3,19,3,19,3,19,3,19,2,19
FX_SPOT,EURCAD,17,2026-W25,1,LOW,7,10,7,9,7,9,7,9,7,9
FX_SPOT,EURCAD,17,2026-W26,-1,HIGH,7,11,6,11,6,11,6,11,6,10
FX_SPOT,EURCAD,17,2026-W26,-1,LOW,6,10,6,10,6,10,6,10,5,9
FX_SPOT,EURCAD,17,2026-W26,1,HIGH,5,11,4,11,4,10,4,10,4,8
FX_SPOT,EURCAD,17,2026-W26,1,LOW,2,15,2,15,2,15,2,15,2,13
FX_SPOT,EURCAD,17,2026-W27,-1,HIGH,9,17,9,17,9,17,9,17,9,17
FX_SPOT,EURCAD,17,2026-W27,-1,LOW,2,26,2,26,2,26,2,26,2,23
FX_SPOT,EURCAD,17,2026-W27,1,HIGH,9,12,9,12,9,12,9,12,9,12
FX_SPOT,EURCAD,17,2026-W27,1,LOW,6,28,6,28,6,28,5,28,5,25
FX_SPOT,EURCAD,17,2026-W28,-1,HIGH,10,10,9,10,9,10,9,10,9,10
FX_SPOT,EURCAD,17,2026-W28,-1,LOW,4,20,4,20,4,20,4,20,4,20
FX_SPOT,EURCAD,17,2026-W28,1,HIGH,2,19,2,19,2,19,2,19,2,18
FX_SPOT,EURCAD,17,2026-W28,1,LOW,7,16,7,16,7,16,7,16,7,16
FX_SPOT,EURCAD,17,2026-W29,-1,HIGH,7,6,7,6,7,6,7,6,7,5
FX_SPOT,EURCAD,17,2026-W29,-1,LOW,11,15,11,15,11,15,11,15,10,15
FX_SPOT,EURCAD,17,2026-W29,1,HIGH,0,13,0,13,0,13,0,13,0,11
FX_SPOT,EURCAD,17,2026-W29,1,LOW,3,23,3,23,3,23,3,23,3,22
FX_SPOT,EURCAD,17,2026-W30,-1,HIGH,8,13,8,13,8,13,8,13,8,11
FX_SPOT,EURCAD,17,2026-W30,-1,LOW,3,27,3,27,3,26,3,26,3,25
FX_SPOT,EURCAD,17,2026-W30,1,HIGH,1,24,1,24,1,24,1,24,1,21
FX_SPOT,EURCAD,17,2026-W30,1,LOW,13,14,13,14,13,14,13,14,12,14
FX_SPOT,EURCAD,17,2026-W31,-1,HIGH,8,15,8,15,8,15,8,15,8,13
FX_SPOT,EURCAD,17,2026-W31,-1,LOW,4,28,4,28,4,28,4,28,4,28
FX_SPOT,EURCAD,17,2026-W31,1,HIGH,10,12,10,12,10,12,10,12,9,12
FX_SPOT,EURCAD,17,2026-W31,1,LOW,6,25,6,25,6,25,5,25,5,25
FX_SPOT,EURCAD,17,2026-W32,-1,HIGH,5,13,5,13,5,13,5,13,4,13
FX_SPOT,EURCAD,17,2026-W32,-1,LOW,11,17,11,17,11,17,11,16,11,16
FX_SPOT,EURCAD,17,2026-W32,1,HIGH,4,16,4,16,4,16,4,16,4,15
FX_SPOT,EURCAD,17,2026-W32,1,LOW,8,19,8,18,8,18,8,18,8,18
FX_SPOT,EURCAD,17,2026-W33,-1,HIGH,11,13,11,12,11,12,11,12,9,11
FX_SPOT,EURCAD,17,2026-W33,-1,LOW,6,7,6,7,6,7,6,7,6,7
FX_SPOT,EURCAD,17,2026-W33,1,HIGH,0,24,0,24,0,23,0,23,0,19
FX_SPOT,EURCAD,17,2026-W33,1,LOW,1,15,1,15,1,15,1,15,1,15
FX_SPOT,EURCAD,17,2026-W34,-1,HIGH,5,14,5,14,5,14,5,14,5,13
FX_SPOT,EURCAD,17,2026-W34,-1,LOW,6,19,6,19,5,19,5,19,4,19
FX_SPOT,EURCAD,17,2026-W34,1,HIGH,4,17,4,17,4,17,4,17,4,15
FX_SPOT,EURCAD,17,2026-W34,1,LOW,8,11,8,11,8,11,8,10,8,10
FX_SPOT,EURCAD,17,2026-W35,-1,HIGH,10,10,10,10,9,10,9,10,8,9
FX_SPOT,EURCAD,17,2026-W35,-1,LOW,8,12,8,12,8,12,8,12,7,11
FX_SPOT,EURCAD,17,2026-W35,1,HIGH,1,19,1,18,1,18,1,18,1,16
FX_SPOT,EURCAD,17,2026-W35,1,LOW,2,15,2,15,2,15,1,15,1,13
FX_SPOT,EURCAD,17,2026-W36,-1,HIGH,4,5,4,5,4,5,4,4,4,3
FX_SPOT,EURCAD,17,2026-W36,-1,LOW,11,12,11,12,11,12,11,12,11,10
FX_SPOT,EURCAD,17,2026-W36,1,HIGH,2,11,2,10,2,10,2,9,1,8
FX_SPOT,EURCAD,17,2026-W36,1,LOW,0,20,0,20,0,20,0,19,0,19
FX_SPOT,EURCAD,17,2026-W37,-1,HIGH,3,9,3,8,3,8,3,8,2,4
FX_SPOT,EURCAD,17,2026-W37,-1,LOW,4,10,4,10,4,9,4,8,4,6
FX_SPOT,EURCAD,17,2026-W37,1,HIGH,3,10,3,10,3,10,3,10,3,5
FX_SPOT,EURCAD,17,2026-W37,1,LOW,2,10,2,10,2,10,2,10,2,8
FX_SPOT,EURCAD,17,2026-W38,-1,HIGH,0,6,0,6,0,6,0,6,0,6
FX_SPOT,EURCAD,17,2026-W38,-1,LOW,0,13,0,13,0,13,0,13,0,11
FX_SPOT,EURCAD,17,2026-W38,1,HIGH,2,7,2,6,2,6,2,6,1,5
FX_SPOT,EURCAD,17,2026-W38,1,LOW,6,4,6,4,6,4,6,4,6,4
FX_SPOT,EURGBP,9,2025-W38,-1,HIGH,0,10,0,10,0,10,0,10,0,10
FX_SPOT,EURGBP,9,2025-W38,-1,LOW,1,12,1,12,1,12,1,11,1,10
FX_SPOT,EURGBP,9,2025-W38,1,HIGH,9,2,9,2,9,2,9,2,9,2
FX_SPOT,EURGBP,9,2025-W38,1,LOW,4,8,4,8,4,8,4,8,3,8
FX_SPOT,EURGBP,9,2025-W39,-1,HIGH,4,14,4,14,4,14,4,14,4,14
FX_SPOT,EURGBP,9,2025-W39,-1,LOW,7,27,7,27,7,27,7,27,7,25
FX_SPOT,EURGBP,9,2025-W39,1,HIGH,5,13,5,13,5,13,5,13,5,13
FX_SPOT,EURGBP,9,2025-W39,1,LOW,10,24,10,24,10,24,10,24,10,22
FX_SPOT,EURGBP,9,2025-W40,-1,HIGH,3,18,3,18,3,18,3,18,3,18
FX_SPOT,EURGBP,9,2025-W40,-1,LOW,2,32,2,32,2,32,2,32,1,32
FX_SPOT,EURGBP,9,2025-W40,1,HIGH,5,16,5,16,5,16,5,16,5,16
FX_SPOT,EURGBP,9,2025-W40,1,LOW,15,19,15,19,15,18,15,18,15,17
FX_SPOT,EURGBP,9,2025-W41,-1,HIGH,5,20,5,20,5,20,5,20,5,19
FX_SPOT,EURGBP,9,2025-W41,-1,LOW,10,25,10,25,10,25,9,25,9,24
FX_SPOT,EURGBP,9,2025-W41,1,HIGH,3,19,3,19,3,19,3,19,3,17
FX_SPOT,EURGBP,9,2025-W41,1,LOW,15,23,15,23,15,22,15,21,15,21
FX_SPOT,EURGBP,9,2025-W42,-1,HIGH,13,11,13,11,12,11,11,11,9,11
FX_SPOT,EURGBP,9,2025-W42,-1,LOW,10,17,10,17,10,17,10,17,10,17
FX_SPOT,EURGBP,9,2025-W42,1,HIGH,5,19,5,19,5,19,5,18,5,16
FX_SPOT,EURGBP,9,2025-W42,1,LOW,7,19,7,19,7,19,7,19,7,19
FX_SPOT,EURGBP,9,2025-W43,-1,HIGH,9,18,9,18,9,18,9,18,9,17
FX_SPOT,EURGBP,9,2025-W43,-1,LOW,5,33,5,33,5,33,5,32,5,32
FX_SPOT,EURGBP,9,2025-W43,1,HIGH,11,12,11,12,11,12,11,12,11,12
FX_SPOT,EURGBP,9,2025-W43,1,LOW,12,28,12,28,12,28,12,28,12,27
FX_SPOT,EURGBP,9,2025-W44,-1,HIGH,4,17,4,17,4,17,4,17,3,17
FX_SPOT,EURGBP,9,2025-W44,-1,LOW,3,24,3,24,3,24,3,24,3,24
FX_SPOT,EURGBP,9,2025-W44,1,HIGH,10,10,10,10,10,10,10,9,10,8
FX_SPOT,EURGBP,9,2025-W44,1,LOW,7,23,7,23,7,23,7,23,7,23
FX_SPOT,EURGBP,9,2025-W45,-1,HIGH,8,12,8,12,8,12,7,12,7,11
FX_SPOT,EURGBP,9,2025-W45,-1,LOW,7,22,7,22,7,22,7,22,7,22
FX_SPOT,EURGBP,9,2025-W45,1,HIGH,4,20,4,20,4,19,4,19,4,18
FX_SPOT,EURGBP,9,2025-W45,1,LOW,8,18,8,18,8,18,8,18,8,18
FX_SPOT,EURGBP,9,2025-W46,-1,HIGH,5,23,5,23,5,23,5,23,4,23
FX_SPOT,EURGBP,9,2025-W46,-1,LOW,6,21,6,21,6,21,5,21,5,21
FX_SPOT,EURGBP,9,2025-W46,1,HIGH,10,18,10,18,10,18,10,18,10,16
FX_SPOT,EURGBP,9,2025-W46,1,LOW,10,18,10,18,10,18,10,18,10,18
FX_SPOT,EURGBP,9,2025-W47,-1,HIGH,8,21,8,21,8,21,8,21,6,21
FX_SPOT,EURGBP,9,2025-W47,-1,LOW,3,21,3,21,3,21,3,21,2,21
FX_SPOT,EURGBP,9,2025-W47,1,HIGH,10,19,10,19,10,19,10,19,10,16
FX_SPOT,EURGBP,9,2025-W47,1,LOW,5,19,5,19,5,19,5,18,5,18
FX_SPOT,EURGBP,9,2025-W48,-1,HIGH,6,16,6,16,6,16,6,16,6,16
FX_SPOT,EURGBP,9,2025-W48,-1,LOW,12,15,12,15,11,15,11,15,11,14
FX_SPOT,EURGBP,9,2025-W48,1,HIGH,3,15,3,15,3,15,3,15,3,15
FX_SPOT,EURGBP,9,2025-W48,1,LOW,4,27,4,27,4,27,4,26,4,26
FX_SPOT,EURGBP,9,2025-W49,-1,HIGH,7,15,7,15,7,15,7,15,7,15
FX_SPOT,EURGBP,9,2025-W49,-1,LOW,2,26,2,26,2,26,2,25,2,23
FX_SPOT,EURGBP,9,2025-W49,1,HIGH,7,14,7,14,7,14,7,14,7,14
FX_SPOT,EURGBP,9,2025-W49,1,LOW,10,21,10,21,10,21,10,21,10,19
FX_SPOT,EURGBP,9,2025-W50,-1,HIGH,5,22,5,22,5,22,5,22,5,21
FX_SPOT,EURGBP,9,2025-W50,-1,LOW,5,31,5,31,5,31,5,31,5,31
FX_SPOT,EURGBP,9,2025-W50,1,HIGH,11,15,11,15,11,14,11,14,10,14
FX_SPOT,EURGBP,9,2025-W50,1,LOW,7,33,7,33,7,33,7,33,7,33
FX_SPOT,EURGBP,9,2025-W51,-1,HIGH,7,16,7,16,7,16,7,16,7,16
FX_SPOT,EURGBP,9,2025-W51,-1,LOW,4,25,4,25,4,25,4,25,4,25
FX_SPOT,EURGBP,9,2025-W51,1,HIGH,4,19,4,19,4,19,4,19,4,19
FX_SPOT,EURGBP,9,2025-W51,1,LOW,5,25,5,25,5,25,5,25,5,24
FX_SPOT,EURGBP,9,2025-W52,-1,HIGH,7,3,7,3,7,3,7,3,6,3
FX_SPOT,EURGBP,9,2025-W52,-1,LOW,6,13,6,13,6,13,6,13,4,12
FX_SPOT,EURGBP,9,2025-W52,1,HIGH,2,13,2,13,2,13,2,12,2,11
FX_SPOT,EURGBP,9,2025-W52,1,LOW,2,14,2,14,2,14,2,14,2,12
FX_SPOT,EURGBP,9,2026-W01,-1,HIGH,3,5,3,5,3,5,3,5,3,3
FX_SPOT,EURGBP,9,2026-W01,-1,LOW,1,10,1,10,1,10,1,10,1,7
FX_SPOT,EURGBP,9,2026-W01,1,HIGH,2,5,2,5,2,5,2,5,2,3
FX_SPOT,EURGBP,9,2026-W01,1,LOW,1,12,1,11,1,11,1,10,1,9
FX_SPOT,EURGBP,9,2026-W02,-1,HIGH,2,17,2,17,2,17,2,17,2,16
FX_SPOT,EURGBP,9,2026-W02,-1,LOW,8,27,8,27,8,26,8,26,8,23
FX_SPOT,EURGBP,9,2026-W02,1,HIGH,10,8,10,8,10,8,10,8,9,8
FX_SPOT,EURGBP,9,2026-W02,1,LOW,15,25,14,25,14,25,13,25,10,25
FX_SPOT,EURGBP,9,2026-W03,-1,HIGH,9,11,9,11,9,11,9,11,9,11
FX_SPOT,EURGBP,9,2026-W03,-1,LOW,8,19,8,19,8,19,8,19,7,19
FX_SPOT,EURGBP,9,2026-W03,1,HIGH,2,22,2,22,2,22,2,22,2,22
FX_SPOT,EURGBP,9,2026-W03,1,LOW,9,15,9,15,9,15,9,15,9,13
FX_SPOT,EURGBP,9,2026-W04,-1,HIGH,5,19,5,19,5,19,5,19,4,19
FX_SPOT,EURGBP,9,2026-W04,-1,LOW,5,17,5,17,5,17,5,16,5,16
FX_SPOT,EURGBP,9,2026-W04,1,HIGH,6,21,6,21,6,21,6,21,6,20
FX_SPOT,EURGBP,9,2026-W04,1,LOW,8,16,8,16,8,16,8,15,8,15
FX_SPOT,EURGBP,9,2026-W05,-1,HIGH,6,26,6,26,6,26,6,26,5,24
FX_SPOT,EURGBP,9,2026-W05,-1,LOW,3,21,3,21,3,21,3,21,3,21
FX_SPOT,EURGBP,9,2026-W05,1,HIGH,6,24,6,24,6,24,6,24,6,21
FX_SPOT,EURGBP,9,2026-W05,1,LOW,8,17,8,17,8,17,8,17,8,17
FX_SPOT,EURGBP,9,2026-W06,-1,HIGH,5,14,5,14,5,14,5,14,5,14
FX_SPOT,EURGBP,9,2026-W06,-1,LOW,11,15,11,15,11,15,10,15,8,15
FX_SPOT,EURGBP,9,2026-W06,1,HIGH,8,13,8,13,8,13,8,13,8,12
FX_SPOT,EURGBP,9,2026-W06,1,LOW,6,19,6,19,6,19,6,19,6,17
FX_SPOT,EURGBP,9,2026-W07,-1,HIGH,6,11,6,11,6,11,6,11,5,11
FX_SPOT,EURGBP,9,2026-W07,-1,LOW,7,24,7,24,7,24,6,24,5,24
FX_SPOT,EURGBP,9,2026-W07,1,HIGH,3,17,3,17,3,17,3,17,3,15
FX_SPOT,EURGBP,9,2026-W07,1,LOW,12,16,12,16,12,16,12,16,12,15
FX_SPOT,EURGBP,9,2026-W08,-1,HIGH,6,18,6,18,6,18,6,18,6,17
FX_SPOT,EURGBP,9,2026-W08,-1,LOW,4,18,4,17,4,17,4,17,4,17
FX_SPOT,EURGBP,9,2026-W08,1,HIGH,6,18,6,18,6,18,6,18,6,17
FX_SPOT,EURGBP,9,2026-W08,1,LOW,11,13,11,13,11,13,11,13,11,13
FX_SPOT,EURGBP,9,2026-W09,-1,HIGH,7,17,7,17,7,17,7,17,7,17
FX_SPOT,EURGBP,9,2026-W09,-1,LOW,5,14,5,14,5,14,5,14,5,14
FX_SPOT,EURGBP,9,2026-W09,1,HIGH,6,17,6,17,6,16,6,16,6,16
FX_SPOT,EURGBP,9,2026-W09,1,LOW,3,16,3,16,3,16,3,16,3,16
FX_SPOT,EURGBP,9,2026-W10,-1,HIGH,17,11,17,11,17,11,17,11,15,11
FX_SPOT,EURGBP,9,2026-W10,-1,LOW,12,19,12,19,12,19,12,19,11,19
FX_SPOT,EURGBP,9,2026-W10,1,HIGH,3,23,3,23,3,23,3,23,3,21
FX_SPOT,EURGBP,9,2026-W10,1,LOW,4,29,4,29,4,29,4,29,4,28
FX_SPOT,EURGBP,9,2026-W11,-1,HIGH,7,20,7,20,7,20,7,20,7,19
FX_SPOT,EURGBP,9,2026-W11,-1,LOW,13,21,13,21,13,20,13,20,13,19
FX_SPOT,EURGBP,9,2026-W11,1,HIGH,10,13,10,13,10,13,10,13,10,13
FX_SPOT,EURGBP,9,2026-W11,1,LOW,2,36,2,36,2,36,2,36,2,34
FX_SPOT,EURGBP,9,2026-W12,-1,HIGH,9,12,9,12,9,12,9,12,9,10
FX_SPOT,EURGBP,9,2026-W12,-1,LOW,12,27,12,27,12,27,12,27,12,27
FX_SPOT,EURGBP,9,2026-W12,1,HIGH,8,19,8,19,8,19,8,18,7,18
FX_SPOT,EURGBP,9,2026-W12,1,LOW,6,29,6,29,6,29,6,29,6,29
FX_SPOT,EURGBP,9,2026-W13,-1,HIGH,4,16,4,15,4,15,4,14,4,13
FX_SPOT,EURGBP,9,2026-W13,-1,LOW,6,23,6,23,6,23,6,23,6,23
FX_SPOT,EURGBP,9,2026-W13,1,HIGH,7,13,7,13,6,13,6,13,5,13
FX_SPOT,EURGBP,9,2026-W13,1,LOW,12,18,12,18,12,18,12,18,12,18
FX_SPOT,EURGBP,9,2026-W14,-1,HIGH,10,8,10,8,10,8,10,8,10,8
FX_SPOT,EURGBP,9,2026-W14,-1,LOW,6,27,6,27,6,27,6,27,6,25
FX_SPOT,EURGBP,9,2026-W14,1,HIGH,3,17,3,17,3,17,3,17,3,17
FX_SPOT,EURGBP,9,2026-W14,1,LOW,16,18,16,17,16,17,16,17,15,17
FX_SPOT,EURGBP,9,2026-W15,-1,HIGH,9,15,9,15,9,15,9,15,9,15
FX_SPOT,EURGBP,9,2026-W15,-1,LOW,3,20,3,20,3,20,3,20,2,20
FX_SPOT,EURGBP,9,2026-W15,1,HIGH,4,18,4,18,4,18,4,18,4,18
FX_SPOT,EURGBP,9,2026-W15,1,LOW,6,18,6,18,6,18,6,17,6,16
FX_SPOT,EURGBP,9,2026-W16,-1,HIGH,10,22,10,22,10,22,10,22,9,22
FX_SPOT,EURGBP,9,2026-W16,-1,LOW,6,20,5,20,5,20,5,20,5,20
FX_SPOT,EURGBP,9,2026-W16,1,HIGH,10,19,10,19,10,19,10,19,10,18
FX_SPOT,EURGBP,9,2026-W16,1,LOW,5,22,5,22,5,22,5,22,5,21
FX_SPOT,EURGBP,9,2026-W17,-1,HIGH,10,8,10,8,10,8,10,8,9,8
FX_SPOT,EURGBP,9,2026-W17,-1,LOW,9,24,9,24,9,24,9,24,9,24
FX_SPOT,EURGBP,9,2026-W17,1,HIGH,3,13,3,13,3,13,3,13,3,12
FX_SPOT,EURGBP,9,2026-W17,1,LOW,4,27,4,27,4,27,4,27,4,27
FX_SPOT,EURGBP,9,2026-W18,-1,HIGH,8,15,8,15,8,15,8,15,8,13
FX_SPOT,EURGBP,9,2026-W18,-1,LOW,10,10,10,10,10,10,10,10,10,10
FX_SPOT,EURGBP,9,2026-W18,1,HIGH,6,17,6,17,6,17,6,17,4,17
FX_SPOT,EURGBP,9,2026-W18,1,LOW,2,19,2,19,2,19,1,19,1,19
FX_SPOT,EURGBP,9,2026-W19,-1,HIGH,4,15,4,15,4,15,4,15,4,14
FX_SPOT,EURGBP,9,2026-W19,-1,LOW,2,20,2,20,2,20,2,20,1,18
FX_SPOT,EURGBP,9,2026-W19,1,HIGH,6,13,6,13,6,13,6,13,4,13
FX_SPOT,EURGBP,9,2026-W19,1,LOW,7,16,7,14,7,14,7,14,7,13
FX_SPOT,EURGBP,9,2026-W20,-1,HIGH,5,22,5,22,5,22,5,22,5,20
FX_SPOT,EURGBP,9,2026-W20,-1,LOW,6,18,6,18,6,18,6,18,6,18
FX_SPOT,EURGBP,9,2026-W20,1,HIGH,10,14,10,14,10,14,10,14,8,14
FX_SPOT,EURGBP,9,2026-W20,1,LOW,6,22,6,22,6,22,6,22,5,22
FX_SPOT,EURGBP,9,2026-W21,-1,HIGH,12,7,12,7,12,7,12,7,12,7
FX_SPOT,EURGBP,9,2026-W21,-1,LOW,9,29,9,29,9,29,9,28,9,25
FX_SPOT,EURGBP,9,2026-W21,1,HIGH,0,21,0,21,0,21,0,21,0,21
FX_SPOT,EURGBP,9,2026-W21,1,LOW,6,32,6,32,6,32,6,32,6,29
FX_SPOT,EURGBP,9,2026-W22,-1,HIGH,1,28,1,28,1,28,1,28,1,25
FX_SPOT,EURGBP,9,2026-W22,-1,LOW,2,14,2,14,2,14,2,14,2,14
FX_SPOT,EURGBP,9,2026-W22,1,HIGH,15,13,15,13,15,13,15,13,13,11
FX_SPOT,EURGBP,9,2026-W22,1,LOW,8,11,8,10,8,10,8,10,8,10
FX_SPOT,EURGBP,9,2026-W23,-1,HIGH,9,7,9,7,9,6,9,6,8,6
FX_SPOT,EURGBP,9,2026-W23,-1,LOW,1,29,1,29,1,29,1,29,1,29
FX_SPOT,EURGBP,9,2026-W23,1,HIGH,4,14,4,14,4,14,4,14,4,13
FX_SPOT,EURGBP,9,2026-W23,1,LOW,8,23,8,23,8,23,8,23,8,23
FX_SPOT,EURGBP,9,2026-W24,-1,HIGH,3,18,3,18,3,18,3,18,3,17
FX_SPOT,EURGBP,9,2026-W24,-1,LOW,10,15,10,15,10,15,10,15,10,14
FX_SPOT,EURGBP,9,2026-W24,1,HIGH,6,15,6,15,6,15,6,15,6,12
FX_SPOT,EURGBP,9,2026-W24,1,LOW,1,23,1,23,1,23,1,22,1,22
FX_SPOT,EURGBP,9,2026-W25,-1,HIGH,1,18,1,18,1,18,1,18,1,17
FX_SPOT,EURGBP,9,2026-W25,-1,LOW,1,23,0,23,0,23,0,22,0,20
FX_SPOT,EURGBP,9,2026-W25,1,HIGH,12,14,12,14,12,14,12,14,11,14
FX_SPOT,EURGBP,9,2026-W25,1,LOW,2,18,2,18,2,17,2,16,1,14
FX_SPOT,EURGBP,9,2026-W26,-1,HIGH,9,9,9,9,9,9,9,9,9,8
FX_SPOT,EURGBP,9,2026-W26,-1,LOW,7,17,7,17,7,17,7,17,7,16
FX_SPOT,EURGBP,9,2026-W26,1,HIGH,4,13,4,13,4,13,4,13,4,12
FX_SPOT,EURGBP,9,2026-W26,1,LOW,5,22,5,22,5,22,3,22,3,21
FX_SPOT,EURGBP,9,2026-W27,-1,HIGH,7,15,7,15,7,15,7,15,7,14
FX_SPOT,EURGBP,9,2026-W27,-1,LOW,9,16,9,16,9,16,9,16,9,15
FX_SPOT,EURGBP,9,2026-W27,1,HIGH,2,16,2,16,2,16,2,16,2,15
FX_SPOT,EURGBP,9,2026-W27,1,LOW,5,24,5,24,5,24,5,23,5,22
FX_SPOT,EURGBP,9,2026-W28,-1,HIGH,3,14,3,14,3,14,3,14,3,13
FX_SPOT,EURGBP,9,2026-W28,-1,LOW,18,14,18,14,18,14,18,14,18,12
FX_SPOT,EURGBP,9,2026-W28,1,HIGH,6,15,6,15,6,15,6,15,6,15
FX_SPOT,EURGBP,9,2026-W28,1,LOW,3,27,3,27,3,27,3,27,2,27
FX_SPOT,EURGBP,9,2026-W29,-1,HIGH,5,17,5,17,5,17,5,17,5,16
FX_SPOT,EURGBP,9,2026-W29,-1,LOW,4,20,4,20,4,20,4,20,4,20
FX_SPOT,EURGBP,9,2026-W29,1,HIGH,5,20,5,20,5,20,5,19,5,18
FX_SPOT,EURGBP,9,2026-W29,1,LOW,8,14,8,14,8,14,8,14,8,14
FX_SPOT,EURGBP,9,2026-W30,-1,HIGH,6,19,6,19,6,19,6,19,5,19
FX_SPOT,EURGBP,9,2026-W30,-1,LOW,3,16,3,16,3,16,3,16,3,16
FX_SPOT,EURGBP,9,2026-W30,1,HIGH,11,13,11,13,11,13,11,13,11,12
FX_SPOT,EURGBP,9,2026-W30,1,LOW,5,16,5,16,5,16,5,16,5,15
FX_SPOT,EURGBP,9,2026-W31,-1,HIGH,6,11,6,10,6,10,6,10,6,9
FX_SPOT,EURGBP,9,2026-W31,-1,LOW,4,18,4,18,4,18,4,18,4,16
FX_SPOT,EURGBP,9,2026-W31,1,HIGH,3,15,3,15,3,15,3,15,3,15
FX_SPOT,EURGBP,9,2026-W31,1,LOW,6,19,6,19,6,19,6,18,6,15
FX_SPOT,EURGBP,9,2026-W32,-1,HIGH,8,13,8,13,8,13,8,13,8,13
FX_SPOT,EURGBP,9,2026-W32,-1,LOW,3,24,3,24,3,24,3,23,3,22
FX_SPOT,EURGBP,9,2026-W32,1,HIGH,5,21,5,21,5,21,5,21,5,20
FX_SPOT,EURGBP,9,2026-W32,1,LOW,12,15,12,15,12,15,12,15,12,14
FX_SPOT,EURGBP,9,2026-W33,-1,HIGH,7,16,7,16,7,16,7,16,7,15
FX_SPOT,EURGBP,9,2026-W33,-1,LOW,9,21,9,21,9,21,9,21,9,21
FX_SPOT,EURGBP,9,2026-W33,1,HIGH,6,18,6,18,6,18,6,18,6,16
FX_SPOT,EURGBP,9,2026-W33,1,LOW,3,22,3,22,3,22,3,22,3,22
FX_SPOT,EURGBP,9,2026-W34,-1,HIGH,7,16,7,16,7,16,6,16,5,16
FX_SPOT,EURGBP,9,2026-W34,-1,LOW,3,16,3,16,3,16,3,15,3,15
FX_SPOT,EURGBP,9,2026-W34,1,HIGH,5,14,5,14,5,14,5,14,5,12
FX_SPOT,EURGBP,9,2026-W34,1,LOW,6,14,6,13,6,13,6,13,6,13
FX_SPOT,EURGBP,9,2026-W35,-1,HIGH,7,14,7,14,7,14,7,14,6,14
FX_SPOT,EURGBP,9,2026-W35,-1,LOW,7,30,7,30,7,30,7,30,7,30
FX_SPOT,EURGBP,9,2026-W35,1,HIGH,3,17,3,17,3,17,3,17,3,16
FX_SPOT,EURGBP,9,2026-W35,1,LOW,11,28,11,27,11,27,11,27,11,27
FX_SPOT,EURGBP,9,2026-W36,-1,HIGH,2,21,2,21,2,21,2,21,2,20
FX_SPOT,EURGBP,9,2026-W36,-1,LOW,7,19,7,19,7,18,7,18,7,18
FX_SPOT,EURGBP,9,2026-W36,1,HIGH,9,14,9,14,9,14,9,14,9,14
FX_SPOT,EURGBP,9,2026-W36,1,LOW,6,18,6,17,6,17,6,16,6,16
FX_SPOT,EURGBP,9,2026-W37,-1,HIGH,9,11,9,11,9,11,9,11,9,11
FX_SPOT,EURGBP,9,2026-W37,-1,LOW,4,26,4,26,4,26,4,26,4,26
FX_SPOT,EURGBP,9,2026-W37,1,HIGH,6,17,6,17,6,17,6,17,6,17
FX_SPOT,EURGBP,9,2026-W37,1,LOW,8,18,8,18,8,18,8,18,8,18
FX_SPOT,EURGBP,9,2026-W38,-1,HIGH,3,10,3,10,3,10,3,10,3,10
FX_SPOT,EURGBP,9,2026-W38,-1,LOW,4,13,4,13,4,13,3,13,3,13
FX_SPOT,EURGBP,9,2026-W38,1,HIGH,8,7,8,7,8,7,8,7,8,6
FX_SPOT,EURGBP,9,2026-W38,1,LOW,2,11,2,11,2,11,2,11,2,11
FX_SPOT,NOKJPY,86,2025-W38,-1,HIGH,4,8,4,8,4,8,4,8,4,8
FX_SPOT,NOKJPY,86,2025-W38,-1,LOW,2,6,2,6,2,6,2,5,1,5
FX_SPOT,NOKJPY,86,2025-W38,1,HIGH,1,9,1,9,1,9,1,9,1,9
FX_SPOT,NOKJPY,86,2025-W38,1,LOW,2,6,2,6,2,6,2,6,2,4
FX_SPOT,NOKJPY,86,2025-W39,-1,HIGH,4,15,4,15,4,15,4,15,4,14
FX_SPOT,NOKJPY,86,2025-W39,-1,LOW,4,31,4,31,4,30,4,30,4,29
FX_SPOT,NOKJPY,86,2025-W39,1,HIGH,8,16,8,16,8,16,8,16,6,16
FX_SPOT,NOKJPY,86,2025-W39,1,LOW,10,21,10,21,10,21,10,21,9,21
FX_SPOT,NOKJPY,86,2025-W40,-1,HIGH,13,11,13,11,13,11,13,11,13,11
FX_SPOT,NOKJPY,86,2025-W40,-1,LOW,8,20,8,20,8,20,8,20,8,18
FX_SPOT,NOKJPY,86,2025-W40,1,HIGH,3,18,3,18,3,18,3,18,3,18
FX_SPOT,NOKJPY,86,2025-W40,1,LOW,5,26,5,26,5,26,5,26,5,25
FX_SPOT,NOKJPY,86,2025-W41,-1,HIGH,10,12,9,12,9,12,9,12,8,12
FX_SPOT,NOKJPY,86,2025-W41,-1,LOW,3,28,3,28,3,28,3,28,3,28
FX_SPOT,NOKJPY,86,2025-W41,1,HIGH,8,13,8,13,8,12,8,12,8,11
FX_SPOT,NOKJPY,86,2025-W41,1,LOW,9,19,9,19,9,19,9,19,9,19
FX_SPOT,NOKJPY,86,2025-W42,-1,HIGH,7,14,7,14,7,14,7,14,7,13
FX_SPOT,NOKJPY,86,2025-W42,-1,LOW,12,21,12,21,12,20,12,20,12,19
FX_SPOT,NOKJPY,86,2025-W42,1,HIGH,7,16,7,16,7,16,7,16,7,16
FX_SPOT,NOKJPY,86,2025-W42,1,LOW,6,21,6,21,6,21,5,21,4,21
FX_SPOT,NOKJPY,86,2025-W43,-1,HIGH,3,19,3,19,3,19,3,19,2,19
FX_SPOT,NOKJPY,86,2025-W43,-1,LOW,3,21,3,21,2,21,2,21,2,21
FX_SPOT,NOKJPY,86,2025-W43,1,HIGH,8,13,8,13,8,13,8,13,8,12
FX_SPOT,NOKJPY,86,2025-W43,1,LOW,8,17,8,17,8,17,8,17,8,17
FX_SPOT,NOKJPY,86,2025-W44,-1,HIGH,9,17,9,17,9,17,9,17,8,17
FX_SPOT,NOKJPY,86,2025-W44,-1,LOW,4,20,4,20,3,20,2,20,1,20
FX_SPOT,NOKJPY,86,2025-W44,1,HIGH,8,18,8,18,8,18,8,18,8,16
FX_SPOT,NOKJPY,86,2025-W44,1,LOW,5,19,5,19,5,19,5,18,5,17
FX_SPOT,NOKJPY,86,2025-W45,-1,HIGH,8,16,8,16,8,16,8,16,8,15
FX_SPOT,NOKJPY,86,2025-W45,-1,LOW,5,18,5,17,5,17,5,17,5,17
FX_SPOT,NOKJPY,86,2025-W45,1,HIGH,8,12,8,12,8,12,8,12,8,12
FX_SPOT,NOKJPY,86,2025-W45,1,LOW,3,24,3,24,2,24,2,24,2,24
FX_SPOT,NOKJPY,86,2025-W46,-1,HIGH,2,15,2,15,2,15,2,15,2,15
FX_SPOT,NOKJPY,86,2025-W46,-1,LOW,3,30,3,30,3,30,3,30,2,30
FX_SPOT,NOKJPY,86,2025-W46,1,HIGH,8,9,8,9,8,9,8,9,8,9
FX_SPOT,NOKJPY,86,2025-W46,1,LOW,14,21,14,21,14,21,14,20,14,18
FX_SPOT,NOKJPY,86,2025-W47,-1,HIGH,5,19,5,19,5,19,5,19,4,18
FX_SPOT,NOKJPY,86,2025-W47,-1,LOW,2,19,2,19,2,19,2,19,2,19
FX_SPOT,NOKJPY,86,2025-W47,1,HIGH,9,14,9,14,9,14,9,14,9,12
FX_SPOT,NOKJPY,86,2025-W47,1,LOW,6,14,6,14,6,14,6,14,6,14
FX_SPOT,NOKJPY,86,2025-W48,-1,HIGH,3,10,3,10,3,10,3,10,3,9
FX_SPOT,NOKJPY,86,2025-W48,-1,LOW,5,34,5,33,5,33,5,33,5,33
FX_SPOT,NOKJPY,86,2025-W48,1,HIGH,6,11,6,11,6,11,6,11,6,11
FX_SPOT,NOKJPY,86,2025-W48,1,LOW,10,30,10,30,10,30,10,30,10,29
FX_SPOT,NOKJPY,86,2025-W49,-1,HIGH,3,21,3,21,3,21,3,21,3,19
FX_SPOT,NOKJPY,86,2025-W49,-1,LOW,4,30,4,30,4,30,4,29,4,28
FX_SPOT,NOKJPY,86,2025-W49,1,HIGH,5,16,5,16,5,16,5,16,5,15
FX_SPOT,NOKJPY,86,2025-W49,1,LOW,13,21,13,21,12,21,12,21,12,19
FX_SPOT,NOKJPY,86,2025-W50,-1,HIGH,5,22,5,21,5,21,5,21,4,20
FX_SPOT,NOKJPY,86,2025-W50,-1,LOW,3,20,3,20,3,20,3,20,3,20
FX_SPOT,NOKJPY,86,2025-W50,1,HIGH,5,21,5,21,5,21,5,20,5,19
FX_SPOT,NOKJPY,86,2025-W50,1,LOW,12,12,12,12,12,12,12,12,12,12
FX_SPOT,NOKJPY,86,2025-W51,-1,HIGH,3,15,3,15,3,15,3,15,3,14
FX_SPOT,NOKJPY,86,2025-W51,-1,LOW,5,17,5,17,5,17,5,17,5,16
FX_SPOT,NOKJPY,86,2025-W51,1,HIGH,9,9,9,9,9,9,9,9,8,9
FX_SPOT,NOKJPY,86,2025-W51,1,LOW,7,16,7,16,7,16,7,16,7,16
FX_SPOT,NOKJPY,86,2025-W52,-1,HIGH,0,7,0,6,0,6,0,6,0,6
FX_SPOT,NOKJPY,86,2025-W52,-1,LOW,5,16,5,16,5,16,5,16,5,13
FX_SPOT,NOKJPY,86,2025-W52,1,HIGH,4,4,4,4,4,4,4,4,4,3
FX_SPOT,NOKJPY,86,2025-W52,1,LOW,5,17,5,17,5,17,5,17,5,14
FX_SPOT,NOKJPY,86,2026-W01,-1,HIGH,3,9,3,9,3,9,3,9,1,9
FX_SPOT,NOKJPY,86,2026-W01,-1,LOW,5,15,5,15,4,15,4,15,4,13
FX_SPOT,NOKJPY,86,2026-W01,1,HIGH,1,9,1,9,1,9,1,9,1,6
FX_SPOT,NOKJPY,86,2026-W01,1,LOW,1,21,1,21,1,21,1,21,1,17
FX_SPOT,NOKJPY,86,2026-W02,-1,HIGH,5,15,5,15,5,15,5,15,5,15
FX_SPOT,NOKJPY,86,2026-W02,-1,LOW,5,19,5,19,4,19,4,19,4,19
FX_SPOT,NOKJPY,86,2026-W02,1,HIGH,6,18,6,18,6,18,6,18,6,18
FX_SPOT,NOKJPY,86,2026-W02,1,LOW,8,14,8,14,8,14,8,14,8,13
FX_SPOT,NOKJPY,86,2026-W03,-1,HIGH,4,13,4,13,4,13,4,13,4,13
FX_SPOT,NOKJPY,86,2026-W03,-1,LOW,7,25,7,25,7,25,7,24,7,23
FX_SPOT,NOKJPY,86,2026-W03,1,HIGH,2,19,2,19,2,19,2,19,2,19
FX_SPOT,NOKJPY,86,2026-W03,1,LOW,6,17,6,17,6,17,6,17,5,17
FX_SPOT,NOKJPY,86,2026-W04,-1,HIGH,3,18,3,18,3,18,2,18,1,18
FX_SPOT,NOKJPY,86,2026-W04,-1,LOW,1,24,1,24,1,24,1,24,1,24
FX_SPOT,NOKJPY,86,2026-W04,1,HIGH,7,16,7,16,7,15,7,15,7,12
FX_SPOT,NOKJPY,86,2026-W04,1,LOW,11,11,11,11,11,11,11,11,11,11
FX_SPOT,NOKJPY,86,2026-W05,-1,HIGH,4,14,4,14,4,14,4,14,4,14
FX_SPOT,NOKJPY,86,2026-W05,-1,LOW,0,23,0,23,0,23,0,23,0,22
FX_SPOT,NOKJPY,86,2026-W05,1,HIGH,4,14,4,14,4,14,4,14,4,13
FX_SPOT,NOKJPY,86,2026-W05,1,LOW,14,10,14,10,14,10,14,10,14,10
FX_SPOT,NOKJPY,86,2026-W06,-1,HIGH,6,17,6,17,6,17,6,17,6,16
FX_SPOT,NOKJPY,86,2026-W06,-1,LOW,0,23,0,23,0,23,0,23,0,21
FX_SPOT,NOKJPY,86,2026-W06,1,HIGH,12,12,12,12,12,12,12,12,10,12
FX_SPOT,NOKJPY,86,2026-W06,1,LOW,13,13,13,13,13,13,13,12,12,12
FX_SPOT,NOKJPY,86,2026-W07,-1,HIGH,8,19,8,19,8,19,8,19,8,19
FX_SPOT,NOKJPY,86,2026-W07,-1,LOW,2,14,2,13,2,13,2,13,2,12
FX_SPOT,NOKJPY,86,2026-W07,1,HIGH,6,16,6,16,6,16,6,16,6,16
FX_SPOT,NOKJPY,86,2026-W07,1,LOW,7,10,7,10,7,10,6,10,6,10
FX_SPOT,NOKJPY,86,2026-W08,-1,HIGH,2,13,2,13,2,13,2,13,2,13
FX_SPOT,NOKJPY,86,2026-W08,-1,LOW,4,17,4,17,4,17,4,15,4,10
FX_SPOT,NOKJPY,86,2026-W08,1,HIGH,6,7,6,7,6,7,6,7,6,7
FX_SPOT,NOKJPY,86,2026-W08,1,LOW,10,10,10,10,10,10,9,10,5,8
FX_SPOT,NOKJPY,86,2026-W09,-1,HIGH,1,20,1,20,1,20,1,20,1,20
FX_SPOT,NOKJPY,86,2026-W09,-1,LOW,4,20,4,20,4,19,4,18,4,15
FX_SPOT,NOKJPY,86,2026-W09,1,HIGH,8,11,8,11,8,11,8,11,8,11
FX_SPOT,NOKJPY,86,2026-W09,1,LOW,2,20,2,20,2,20,2,20,2,15
FX_SPOT,NOKJPY,86,2026-W10,-1,HIGH,7,22,7,22,7,22,7,22,7,20
FX_SPOT,NOKJPY,86,2026-W10,-1,LOW,4,22,4,22,4,22,4,22,4,21
FX_SPOT,NOKJPY,86,2026-W10,1,HIGH,9,21,9,21,9,21,9,21,5,21
FX_SPOT,NOKJPY,86,2026-W10,1,LOW,6,19,6,19,6,19,6,18,6,18
FX_SPOT,NOKJPY,86,2026-W11,-1,HIGH,4,14,4,14,4,14,4,14,4,14
FX_SPOT,NOKJPY,86,2026-W11,-1,LOW,11,25,11,25,11,25,11,25,8,25
FX_SPOT,NOKJPY,86,2026-W11,1,HIGH,3,21,3,21,3,21,3,21,3,21
FX_SPOT,NOKJPY,86,2026-W11,1,LOW,6,24,6,24,6,24,6,24,6,21
FX_SPOT,NOKJPY,86,2026-W12,-1,HIGH,5,21,5,21,5,21,5,21,5,19
FX_SPOT,NOKJPY,86,2026-W12,-1,LOW,4,23,4,23,4,23,4,23,4,23
FX_SPOT,NOKJPY,86,2026-W12,1,HIGH,9,16,9,16,9,16,9,16,9,14
FX_SPOT,NOKJPY,86,2026-W12,1,LOW,12,17,12,17,12,17,12,17,12,17
FX_SPOT,NOKJPY,86,2026-W13,-1,HIGH,5,15,5,15,5,15,5,15,5,15
FX_SPOT,NOKJPY,86,2026-W13,-1,LOW,7,19,6,19,6,19,6,19,3,19
FX_SPOT,NOKJPY,86,2026-W13,1,HIGH,8,12,8,12,8,12,8,12,8,12
FX_SPOT,NOKJPY,86,2026-W13,1,LOW,2,20,2,20,2,20,2,19,2,16
FX_SPOT,NOKJPY,86,2026-W14,-1,HIGH,7,13,7,13,7,12,7,12,7,12
FX_SPOT,NOKJPY,86,2026-W14,-1,LOW,7,19,7,19,7,19,6,19,5,19
FX_SPOT,NOKJPY,86,2026-W14,1,HIGH,6,13,6,13,6,13,6,13,6,13
FX_SPOT,NOKJPY,86,2026-W14,1,LOW,7,19,7,19,7,19,7,19,7,17
FX_SPOT,NOKJPY,86,2026-W15,-1,HIGH,3,28,3,28,3,28,3,28,3,28
FX_SPOT,NOKJPY,86,2026-W15,-1,LOW,5,19,5,19,5,19,5,19,3,19
FX_SPOT,NOKJPY,86,2026-W15,1,HIGH,12,16,12,16,12,16,12,16,12,16
FX_SPOT,NOKJPY,86,2026-W15,1,LOW,11,15,11,15,11,15,11,15,11,13
FX_SPOT,NOKJPY,86,2026-W16,-1,HIGH,2,18,2,18,2,18,2,18,2,18
FX_SPOT,NOKJPY,86,2026-W16,-1,LOW,0,22,0,22,0,22,0,22,0,21
FX_SPOT,NOKJPY,86,2026-W16,1,HIGH,7,16,7,16,7,16,7,16,7,16
FX_SPOT,NOKJPY,86,2026-W16,1,LOW,9,10,9,10,9,9,9,9,9,9
FX_SPOT,NOKJPY,86,2026-W17,-1,HIGH,3,14,3,14,3,14,3,14,3,14
FX_SPOT,NOKJPY,86,2026-W17,-1,LOW,12,21,12,21,12,21,12,20,12,19
FX_SPOT,NOKJPY,86,2026-W17,1,HIGH,9,10,9,10,9,10,9,10,9,10
FX_SPOT,NOKJPY,86,2026-W17,1,LOW,6,25,6,25,6,25,6,25,5,24
FX_SPOT,NOKJPY,86,2026-W18,-1,HIGH,6,23,6,23,6,23,6,23,6,23
FX_SPOT,NOKJPY,86,2026-W18,-1,LOW,4,18,4,18,4,18,4,18,4,17
FX_SPOT,NOKJPY,86,2026-W18,1,HIGH,9,19,9,19,9,19,9,19,9,19
FX_SPOT,NOKJPY,86,2026-W18,1,LOW,0,21,0,21,0,21,0,21,0,20
FX_SPOT,NOKJPY,86,2026-W19,-1,HIGH,4,14,4,14,4,14,4,14,4,14
FX_SPOT,NOKJPY,86,2026-W19,-1,LOW,5,14,5,13,5,13,5,13,5,11
FX_SPOT,NOKJPY,86,2026-W19,1,HIGH,5,12,5,12,5,12,5,12,5,12
FX_SPOT,NOKJPY,86,2026-W19,1,LOW,2,19,2,19,2,19,2,19,1,18
FX_SPOT,NOKJPY,86,2026-W20,-1,HIGH,4,17,4,17,4,17,4,17,4,15
FX_SPOT,NOKJPY,86,2026-W20,-1,LOW,1,24,1,24,1,24,1,24,1,23
FX_SPOT,NOKJPY,86,2026-W20,1,HIGH,8,11,8,11,8,11,8,11,8,10
FX_SPOT,NOKJPY,86,2026-W20,1,LOW,11,16,11,16,11,16,10,16,10,16
FX_SPOT,NOKJPY,86,2026-W21,-1,HIGH,5,12,5,12,5,12,5,12,5,11
FX_SPOT,NOKJPY,86,2026-W21,-1,LOW,1,27,1,27,1,27,1,27,1,27
FX_SPOT,NOKJPY,86,2026-W21,1,HIGH,6,15,6,15,6,15,6,15,6,15
FX_SPOT,NOKJPY,86,2026-W21,1,LOW,12,13,12,13,12,13,12,13,12,13
FX_SPOT,NOKJPY,86,2026-W22,-1,HIGH,4,13,4,13,4,13,4,13,3,13
FX_SPOT,NOKJPY,86,2026-W22,-1,LOW,5,18,5,17,5,17,5,16,5,15
FX_SPOT,NOKJPY,86,2026-W22,1,HIGH,8,13,8,13,8,13,8,13,7,12
FX_SPOT,NOKJPY,86,2026-W22,1,LOW,2,17,2,17,2,17,2,17,2,16
FX_SPOT,NOKJPY,86,2026-W23,-1,HIGH,9,14,9,14,9,14,8,14,4,14
FX_SPOT,NOKJPY,86,2026-W23,-1,LOW,6,10,5,9,5,9,5,9,5,9
FX_SPOT,NOKJPY,86,2026-W23,1,HIGH,3,12,3,12,3,11,3,11,3,7
FX_SPOT,NOKJPY,86,2026-W23,1,LOW,4,19,4,19,4,19,4,19,4,18
FX_SPOT,NOKJPY,86,2026-W24,-1,HIGH,5,15,5,15,5,15,5,15,5,14
FX_SPOT,NOKJPY,86,2026-W24,-1,LOW,8,20,8,20,8,20,8,20,7,19
FX_SPOT,NOKJPY,86,2026-W24,1,HIGH,4,18,4,18,4,18,4,18,4,17
FX_SPOT,NOKJPY,86,2026-W24,1,LOW,11,15,11,15,11,15,11,15,11,13
FX_SPOT,NOKJPY,86,2026-W25,-1,HIGH,5,9,5,9,5,9,5,9,5,7
FX_SPOT,NOKJPY,86,2026-W25,-1,LOW,15,12,15,11,15,11,15,11,15,7
FX_SPOT,NOKJPY,86,2026-W25,1,HIGH,5,11,5,11,5,11,5,11,2,11
FX_SPOT,NOKJPY,86,2026-W25,1,LOW,5,20,5,20,5,20,5,20,3,20
FX_SPOT,NOKJPY,86,2026-W26,-1,HIGH,18,17,18,17,18,17,18,17,17,17
FX_SPOT,NOKJPY,86,2026-W26,-1,LOW,9,4,8,4,8,4,8,4,8,4
FX_SPOT,NOKJPY,86,2026-W26,1,HIGH,2,27,2,27,2,27,2,27,2,27
FX_SPOT,NOKJPY,86,2026-W26,1,LOW,1,15,1,15,1,15,1,15,1,14
FX_SPOT,NOKJPY,86,2026-W27,-1,HIGH,5,18,5,18,5,18,5,18,5,18
FX_SPOT,NOKJPY,86,2026-W27,-1,LOW,7,26,7,26,7,26,7,26,7,24
FX_SPOT,NOKJPY,86,2026-W27,1,HIGH,7,14,7,14,7,14,7,14,7,14
FX_SPOT,NOKJPY,86,2026-W27,1,LOW,9,22,9,22,9,22,9,22,8,22
FX_SPOT,NOKJPY,86,2026-W28,-1,HIGH,3,11,3,11,3,11,3,11,0,9
FX_SPOT,NOKJPY,86,2026-W28,-1,LOW,0,19,0,18,0,18,0,17,0,15
FX_SPOT,NOKJPY,86,2026-W28,1,HIGH,6,8,6,8,6,8,6,8,4,7
FX_SPOT,NOKJPY,86,2026-W28,1,LOW,12,7,12,7,12,7,12,7,11,6
FX_SPOT,NOKJPY,86,2026-W29,-1,HIGH,2,15,2,15,2,15,2,14,2,13
FX_SPOT,NOKJPY,86,2026-W29,-1,LOW,5,23,5,23,5,23,5,23,5,21
FX_SPOT,NOKJPY,86,2026-W29,1,HIGH,9,9,9,9,9,9,9,9,9,8
FX_SPOT,NOKJPY,86,2026-W29,1,LOW,6,14,6,14,6,14,6,14,6,14
FX_SPOT,NOKJPY,86,2026-W30,-1,HIGH,2,14,2,14,2,14,2,14,0,13
FX_SPOT,NOKJPY,86,2026-W30,-1,LOW,2,10,2,9,2,9,2,8,2,6
FX_SPOT,NOKJPY,86,2026-W30,1,HIGH,7,8,7,8,7,8,7,8,6,5
FX_SPOT,NOKJPY,86,2026-W30,1,LOW,9,9,9,9,9,9,7,9,6,9
FX_SPOT,NOKJPY,86,2026-W31,-1,HIGH,8,24,8,24,8,24,8,23,7,23
FX_SPOT,NOKJPY,86,2026-W31,-1,LOW,6,11,6,11,6,11,6,11,6,11
FX_SPOT,NOKJPY,86,2026-W31,1,HIGH,5,26,5,26,5,26,5,26,5,24
FX_SPOT,NOKJPY,86,2026-W31,1,LOW,2,12,2,12,2,12,2,12,2,12
FX_SPOT,NOKJPY,86,2026-W32,-1,HIGH,4,12,4,12,4,12,4,12,4,11
FX_SPOT,NOKJPY,86,2026-W32,-1,LOW,0,32,0,32,0,32,0,32,0,32
FX_SPOT,NOKJPY,86,2026-W32,1,HIGH,3,15,3,15,3,14,3,14,3,13
FX_SPOT,NOKJPY,86,2026-W32,1,LOW,15,11,15,11,15,11,15,11,15,11
FX_SPOT,NOKJPY,86,2026-W33,-1,HIGH,4,13,4,13,4,13,4,13,4,12
FX_SPOT,NOKJPY,86,2026-W33,-1,LOW,13,24,13,24,13,24,13,23,13,23
FX_SPOT,NOKJPY,86,2026-W33,1,HIGH,9,11,9,11,9,11,9,11,8,11
FX_SPOT,NOKJPY,86,2026-W33,1,LOW,15,19,15,19,15,19,15,19,15,19
FX_SPOT,NOKJPY,86,2026-W34,-1,HIGH,0,5,0,5,0,5,0,5,0,5
FX_SPOT,NOKJPY,86,2026-W34,-1,LOW,0,17,0,17,0,16,0,14,0,12
FX_SPOT,NOKJPY,86,2026-W34,1,HIGH,5,3,5,3,5,3,5,3,4,3
FX_SPOT,NOKJPY,86,2026-W34,1,LOW,12,6,11,6,11,6,11,5,9,4
FX_SPOT,NOKJPY,86,2026-W35,-1,HIGH,2,17,2,17,2,16,2,15,1,15
FX_SPOT,NOKJPY,86,2026-W35,-1,LOW,4,25,4,25,4,25,4,25,2,24
FX_SPOT,NOKJPY,86,2026-W35,1,HIGH,5,15,5,15,5,15,5,15,5,14
FX_SPOT,NOKJPY,86,2026-W35,1,LOW,17,10,17,10,17,10,17,10,16,8
FX_SPOT,NOKJPY,86,2026-W36,-1,HIGH,13,15,13,15,13,15,13,15,13,15
FX_SPOT,NOKJPY,86,2026-W36,-1,LOW,0,20,0,20,0,19,0,19,0,19
FX_SPOT,NOKJPY,86,2026-W36,1,HIGH,4,21,4,21,4,21,4,21,4,21
FX_SPOT,NOKJPY,86,2026-W36,1,LOW,9,15,9,15,9,15,9,15,9,14
FX_SPOT,NOKJPY,86,2026-W37,-1,HIGH,9,10,9,10,9,10,9,10,9,10
FX_SPOT,NOKJPY,86,2026-W37,-1,LOW,12,23,11,23,11,23,11,23,10,22
FX_SPOT,NOKJPY,86,2026-W37,1,HIGH,3,17,3,17,3,17,3,17,3,17
FX_SPOT,NOKJPY,86,2026-W37,1,LOW,5,27,5,27,5,26,5,26,5,24
FX_SPOT,NOKJPY,86,2026-W38,-1,HIGH,5,5,5,4,5,4,5,3,4,3
FX_SPOT,NOKJPY,86,2026-W38,-1,LOW,4,14,4,14,4,14,4,14,4,14
FX_SPOT,NOKJPY,86,2026-W38,1,HIGH,1,9,1,9,1,8,1,8,1,7
FX_SPOT,NOKJPY,86,2026-W38,1,LOW,7,10,7,10,7,10,7,10,7,10
FX_SPOT,USDCNH,60,2025-W38,-1,HIGH,0,14,0,14,0,14,0,14,0,14
FX_SPOT,USDCNH,60,2025-W38,-1,LOW,0,8,0,7,0,7,0,7,0,6
FX_SPOT,USDCNH,60,2025-W38,1,HIGH,7,6,7,6,7,6,7,6,7,6
FX_SPOT,USDCNH,60,2025-W38,1,LOW,2,6,2,6,2,6,2,6,2,5
FX_SPOT,USDCNH,60,2025-W39,-1,HIGH,0,12,0,12,0,12,0,12,0,12
FX_SPOT,USDCNH,60,2025-W39,-1,LOW,8,10,7,10,6,10,6,10,5,9
FX_SPOT,USDCNH,60,2025-W39,1,HIGH,7,6,7,6,7,6,7,6,7,5
FX_SPOT,USDCNH,60,2025-W39,1,LOW,2,15,2,15,2,14,2,13,2,11
FX_SPOT,USDCNH,60,2025-W40,-1,HIGH,2,17,2,17,2,17,2,17,2,16
FX_SPOT,USDCNH,60,2025-W40,-1,LOW,6,22,6,22,6,22,6,21,6,21
FX_SPOT,USDCNH,60,2025-W40,1,HIGH,5,17,5,17,5,17,5,17,5,16
FX_SPOT,USDCNH,60,2025-W40,1,LOW,9,14,9,14,9,14,9,14,9,14
FX_SPOT,USDCNH,60,2025-W41,-1,HIGH,4,13,4,13,4,13,4,13,4,12
FX_SPOT,USDCNH,60,2025-W41,-1,LOW,7,21,7,21,7,21,7,21,7,21
FX_SPOT,USDCNH,60,2025-W41,1,HIGH,5,11,5,11,5,11,5,11,4,11
FX_SPOT,USDCNH,60,2025-W41,1,LOW,8,22,8,21,8,21,8,21,8,21
FX_SPOT,USDCNH,60,2025-W42,-1,HIGH,6,10,6,10,6,10,6,10,5,10
FX_SPOT,USDCNH,60,2025-W42,-1,LOW,11,13,11,13,11,13,10,13,10,12
FX_SPOT,USDCNH,60,2025-W42,1,HIGH,7,12,7,12,7,12,7,12,7,11
FX_SPOT,USDCNH,60,2025-W42,1,LOW,1,22,1,22,1,21,1,20,1,19
FX_SPOT,USDCNH,60,2025-W43,-1,HIGH,4,16,4,16,4,16,4,16,4,15
FX_SPOT,USDCNH,60,2025-W43,-1,LOW,7,16,7,16,7,16,7,16,6,15
FX_SPOT,USDCNH,60,2025-W43,1,HIGH,2,18,2,18,2,18,2,18,2,18
FX_SPOT,USDCNH,60,2025-W43,1,LOW,3,20,3,20,3,20,3,19,3,18
FX_SPOT,USDCNH,60,2025-W44,-1,HIGH,5,19,5,19,5,19,5,19,5,19
FX_SPOT,USDCNH,60,2025-W44,-1,LOW,5,19,5,19,5,19,5,19,5,17
FX_SPOT,USDCNH,60,2025-W44,1,HIGH,8,16,8,16,8,16,8,16,8,16
FX_SPOT,USDCNH,60,2025-W44,1,LOW,3,22,3,22,3,22,3,22,2,22
FX_SPOT,USDCNH,60,2025-W45,-1,HIGH,10,14,10,14,10,14,10,14,10,14
FX_SPOT,USDCNH,60,2025-W45,-1,LOW,9,21,9,21,9,21,9,20,9,18
FX_SPOT,USDCNH,60,2025-W45,1,HIGH,6,19,6,19,6,19,6,19,6,19
FX_SPOT,USDCNH,60,2025-W45,1,LOW,9,20,9,20,9,20,9,20,7,20
FX_SPOT,USDCNH,60,2025-W46,-1,HIGH,11,12,11,12,11,12,11,12,11,10
FX_SPOT,USDCNH,60,2025-W46,-1,LOW,5,13,5,12,5,12,5,12,5,11
FX_SPOT,USDCNH,60,2025-W46,1,HIGH,4,22,4,22,4,22,4,22,3,22
FX_SPOT,USDCNH,60,2025-W46,1,LOW,3,11,3,11,3,11,3,11,2,11
FX_SPOT,USDCNH,60,2025-W47,-1,HIGH,8,9,8,9,8,9,8,9,7,9
FX_SPOT,USDCNH,60,2025-W47,-1,LOW,6,18,6,18,6,17,5,16,5,15
FX_SPOT,USDCNH,60,2025-W47,1,HIGH,6,12,6,12,6,12,6,12,5,10
FX_SPOT,USDCNH,60,2025-W47,1,LOW,6,17,6,17,6,17,6,16,5,16
FX_SPOT,USDCNH,60,2025-W48,-1,HIGH,16,9,16,9,16,9,16,9,16,9
FX_SPOT,USDCNH,60,2025-W48,-1,LOW,9,15,9,15,9,15,9,15,9,13
FX_SPOT,USDCNH,60,2025-W48,1,HIGH,1,22,1,22,1,22,1,22,1,22
FX_SPOT,USDCNH,60,2025-W48,1,LOW,5,21,5,21,5,21,5,21,5,18
FX_SPOT,USDCNH,60,2025-W49,-1,HIGH,9,16,9,16,9,16,9,16,9,15
FX_SPOT,USDCNH,60,2025-W49,-1,LOW,8,15,8,15,8,15,8,14,8,14
FX_SPOT,USDCNH,60,2025-W49,1,HIGH,4,22,4,22,4,22,4,22,3,21
FX_SPOT,USDCNH,60,2025-W49,1,LOW,4,18,4,18,4,18,4,18,4,18
FX_SPOT,USDCNH,60,2025-W50,-1,HIGH,11,19,11,19,11,19,11,19,11,18
FX_SPOT,USDCNH,60,2025-W50,-1,LOW,4,21,4,21,4,21,4,21,4,21
FX_SPOT,USDCNH,60,2025-W50,1,HIGH,7,24,7,24,7,24,7,23,6,23
FX_SPOT,USDCNH,60,2025-W50,1,LOW,2,23,2,23,2,23,2,23,2,23
FX_SPOT,USDCNH,60,2025-W51,-1,HIGH,5,13,5,13,5,13,5,13,5,13
FX_SPOT,USDCNH,60,2025-W51,-1,LOW,12,22,12,22,12,22,12,22,11,22
FX_SPOT,USDCNH,60,2025-W51,1,HIGH,3,17,3,17,3,17,3,17,3,17
FX_SPOT,USDCNH,60,2025-W51,1,LOW,6,26,6,26,6,26,6,25,6,24
FX_SPOT,USDCNH,60,2025-W52,-1,HIGH,6,9,6,9,6,9,6,9,6,9
FX_SPOT,USDCNH,60,2025-W52,-1,LOW,3,9,3,9,3,9,3,7,3,5
FX_SPOT,USDCNH,60,2025-W52,1,HIGH,0,14,0,14,0,14,0,14,0,14
FX_SPOT,USDCNH,60,2025-W52,1,LOW,1,12,1,12,1,11,1,11,0,8
FX_SPOT,USDCNH,60,2026-W01,-1,HIGH,5,8,5,8,5,8,5,8,5,7
FX_SPOT,USDCNH,60,2026-W01,-1,LOW,1,10,1,10,1,10,1,9,1,7
FX_SPOT,USDCNH,60,2026-W01,1,HIGH,0,12,0,12,0,12,0,12,0,11
FX_SPOT,USDCNH,60,2026-W01,1,LOW,3,8,3,8,3,8,3,8,3,6
FX_SPOT,USDCNH,60,2026-W02,-1,HIGH,4,13,4,13,4,13,4,13,4,12
FX_SPOT,USDCNH,60,2026-W02,-1,LOW,4,26,4,26,4,26,4,25,4,25
FX_SPOT,USDCNH,60,2026-W02,1,HIGH,6,15,6,15,6,15,6,15,6,14
FX_SPOT,USDCNH,60,2026-W02,1,LOW,4,22,4,22,4,22,4,22,4,22
FX_SPOT,USDCNH,60,2026-W03,-1,HIGH,6,12,6,12,6,12,6,12,6,12
FX_SPOT,USDCNH,60,2026-W03,-1,LOW,7,28,7,28,7,27,7,27,7,25
FX_SPOT,USDCNH,60,2026-W03,1,HIGH,5,16,5,16,5,16,5,16,5,16
FX_SPOT,USDCNH,60,2026-W03,1,LOW,11,21,11,21,11,21,11,20,10,20
FX_SPOT,USDCNH,60,2026-W04,-1,HIGH,6,20,6,20,6,20,5,20,5,20
FX_SPOT,USDCNH,60,2026-W04,-1,LOW,4,18,4,18,4,18,4,18,4,18
FX_SPOT,USDCNH,60,2026-W04,1,HIGH,6,20,6,20,6,20,6,19,6,19
FX_SPOT,USDCNH,60,2026-W04,1,LOW,2,18,2,18,2,18,2,18,2,18
FX_SPOT,USDCNH,60,2026-W05,-1,HIGH,2,22,2,21,2,21,2,21,2,21
FX_SPOT,USDCNH,60,2026-W05,-1,LOW,6,22,6,22,6,22,6,22,6,21
FX_SPOT,USDCNH,60,2026-W05,1,HIGH,11,16,11,16,11,16,11,16,11,16
FX_SPOT,USDCNH,60,2026-W05,1,LOW,9,17,9,17,9,17,9,17,8,17
FX_SPOT,USDCNH,60,2026-W06,-1,HIGH,7,6,7,6,7,6,7,6,7,6
FX_SPOT,USDCNH,60,2026-W06,-1,LOW,8,19,8,19,8,19,8,19,8,16
FX_SPOT,USDCNH,60,2026-W06,1,HIGH,3,13,3,13,3,13,3,13,3,13
FX_SPOT,USDCNH,60,2026-W06,1,LOW,5,20,5,19,5,19,5,19,4,18
FX_SPOT,USDCNH,60,2026-W07,-1,HIGH,10,15,10,15,10,15,10,15,10,15
FX_SPOT,USDCNH,60,2026-W07,-1,LOW,8,18,8,18,8,18,7,18,7,17
FX_SPOT,USDCNH,60,2026-W07,1,HIGH,4,25,4,25,4,25,4,25,4,24
FX_SPOT,USDCNH,60,2026-W07,1,LOW,3,21,3,21,3,20,3,20,3,19
FX_SPOT,USDCNH,60,2026-W08,-1,HIGH,6,13,6,13,6,13,6,13,5,13
FX_SPOT,USDCNH,60,2026-W08,-1,LOW,2,28,2,28,2,28,2,28,2,27
FX_SPOT,USDCNH,60,2026-W08,1,HIGH,3,17,3,17,3,17,3,17,3,16
FX_SPOT,USDCNH,60,2026-W08,1,LOW,11,17,11,17,11,17,11,17,11,17
FX_SPOT,USDCNH,60,2026-W09,-1,HIGH,2,10,2,10,2,10,2,10,2,9
FX_SPOT,USDCNH,60,2026-W09,-1,LOW,3,10,2,9,2,8,2,8,0,5
FX_SPOT,USDCNH,60,2026-W09,1,HIGH,3,8,3,8,3,8,3,8,3,6
FX_SPOT,USDCNH,60,2026-W09,1,LOW,5,8,5,8,5,8,4,7,4,3
FX_SPOT,USDCNH,60,2026-W10,-1,HIGH,2,23,2,23,2,23,2,23,2,18
FX_SPOT,USDCNH,60,2026-W10,-1,LOW,2,9,2,8,2,8,2,8,2,8
FX_SPOT,USDCNH,60,2026-W10,1,HIGH,11,12,11,12,11,12,11,12,9,10
FX_SPOT,USDCNH,60,2026-W10,1,LOW,1,11,1,11,1,11,1,11,1,11
FX_SPOT,USDCNH,60,2026-W11,-1,HIGH,9,12,9,12,9,12,9,12,9,11
FX_SPOT,USDCNH,60,2026-W11,-1,LOW,3,20,3,20,3,20,3,20,3,20
FX_SPOT,USDCNH,60,2026-W11,1,HIGH,5,19,5,19,5,19,5,19,4,19
FX_SPOT,USDCNH,60,2026-W11,1,LOW,8,13,8,13,8,13,8,13,8,13
FX_SPOT,USDCNH,60,2026-W12,-1,HIGH,7,22,7,22,7,22,7,22,7,22
FX_SPOT,USDCNH,60,2026-W12,-1,LOW,3,17,3,16,3,16,3,16,3,15
FX_SPOT,USDCNH,60,2026-W12,1,HIGH,8,19,8,19,8,19,8,19,7,19
FX_SPOT,USDCNH,60,2026-W12,1,LOW,6,15,6,15,5,15,5,15,5,15
FX_SPOT,USDCNH,60,2026-W13,-1,HIGH,1,15,1,15,1,15,1,15,0,15
FX_SPOT,USDCNH,60,2026-W13,-1,LOW,2,22,2,21,1,21,1,20,1,20
FX_SPOT,USDCNH,60,2026-W13,1,HIGH,5,10,5,10,5,10,5,10,5,8
FX_SPOT,USDCNH,60,2026-W13,1,LOW,12,12,12,12,11,12,11,12,11,12
FX_SPOT,USDCNH,60,2026-W14,-1,HIGH,10,15,10,15,10,15,10,15,10,15
FX_SPOT,USDCNH,60,2026-W14,-1,LOW,14,16,14,16,14,16,14,16,14,14
FX_SPOT,USDCNH,60,2026-W14,1,HIGH,4,18,4,18,4,18,4,18,4,18
FX_SPOT,USDCNH,60,2026-W14,1,LOW,3,29,3,29,3,29,3,29,2,29
FX_SPOT,USDCNH,60,2026-W15,-1,HIGH,9,12,9,12,9,12,9,12,9,12
FX_SPOT,USDCNH,60,2026-W15,-1,LOW,7,19,7,18,7,18,7,17,7,15
FX_SPOT,USDCNH,60,2026-W15,1,HIGH,3,18,3,18,3,18,3,18,3,18
FX_SPOT,USDCNH,60,2026-W15,1,LOW,2,24,2,24,2,23,2,23,2,21
FX_SPOT,USDCNH,60,2026-W16,-1,HIGH,8,15,8,14,8,14,8,14,8,14
FX_SPOT,USDCNH,60,2026-W16,-1,LOW,10,18,10,18,10,18,10,18,10,17
FX_SPOT,USDCNH,60,2026-W16,1,HIGH,8,17,8,17,8,17,8,17,8,16
FX_SPOT,USDCNH,60,2026-W16,1,LOW,4,21,4,21,4,21,4,21,4,20
FX_SPOT,USDCNH,60,2026-W17,-1,HIGH,3,21,3,21,3,21,3,21,3,21
FX_SPOT,USDCNH,60,2026-W17,-1,LOW,5,14,5,14,5,13,4,12,1,11
FX_SPOT,USDCNH,60,2026-W17,1,HIGH,8,12,8,12,8,12,8,12,8,12
FX_SPOT,USDCNH,60,2026-W17,1,LOW,4,19,4,19,4,19,4,17,4,12
FX_SPOT,USDCNH,60,2026-W18,-1,HIGH,3,15,3,15,3,15,3,15,3,15
FX_SPOT,USDCNH,60,2026-W18,-1,LOW,8,29,8,28,8,28,8,28,8,27
FX_SPOT,USDCNH,60,2026-W18,1,HIGH,9,12,9,12,9,12,9,12,9,12
FX_SPOT,USDCNH,60,2026-W18,1,LOW,9,25,9,25,9,25,9,25,9,24
FX_SPOT,USDCNH,60,2026-W19,-1,HIGH,7,8,7,8,7,8,7,8,7,8
FX_SPOT,USDCNH,60,2026-W19,-1,LOW,17,19,17,19,17,19,17,19,16,18
FX_SPOT,USDCNH,60,2026-W19,1,HIGH,3,13,3,13,3,13,3,13,3,13
FX_SPOT,USDCNH,60,2026-W19,1,LOW,2,34,2,34,2,34,2,34,2,32
FX_SPOT,USDCNH,60,2026-W20,-1,HIGH,8,17,8,17,8,17,8,17,7,16
FX_SPOT,USDCNH,60,2026-W20,-1,LOW,16,10,16,9,16,9,16,9,16,6
FX_SPOT,USDCNH,60,2026-W20,1,HIGH,9,17,9,17,9,17,9,17,8,16
FX_SPOT,USDCNH,60,2026-W20,1,LOW,1,23,1,23,0,23,0,23,0,21
FX_SPOT,USDCNH,60,2026-W21,-1,HIGH,8,13,8,13,8,13,8,13,8,13
FX_SPOT,USDCNH,60,2026-W21,-1,LOW,18,23,18,23,18,23,18,22,17,21
FX_SPOT,USDCNH,60,2026-W21,1,HIGH,5,14,5,14,5,14,5,14,5,14
FX_SPOT,USDCNH,60,2026-W21,1,LOW,12,32,12,32,11,32,11,32,11,30
FX_SPOT,USDCNH,60,2026-W22,-1,HIGH,10,8,10,7,10,7,10,7,10,6
FX_SPOT,USDCNH,60,2026-W22,-1,LOW,6,15,6,14,6,14,6,14,6,12
FX_SPOT,USDCNH,60,2026-W22,1,HIGH,0,20,0,20,0,20,0,19,0,19
FX_SPOT,USDCNH,60,2026-W22,1,LOW,2,18,2,18,2,18,2,17,2,15
FX_SPOT,USDCNH,60,2026-W23,-1,HIGH,2,12,2,12,2,12,2,12,2,8
FX_SPOT,USDCNH,60,2026-W23,-1,LOW,5,16,5,16,5,14,5,13,5,13
FX_SPOT,USDCNH,60,2026-W23,1,HIGH,7,7,7,7,7,7,7,7,5,7
FX_SPOT,USDCNH,60,2026-W23,1,LOW,5,17,5,17,5,17,3,17,2,17
FX_SPOT,USDCNH,60,2026-W24,-1,HIGH,8,8,8,8,8,8,8,8,8,8
FX_SPOT,USDCNH,60,2026-W24,-1,LOW,5,21,5,20,5,20,5,20,5,18
FX_SPOT,USDCNH,60,2026-W24,1,HIGH,0,20,0,20,0,20,0,20,0,19
FX_SPOT,USDCNH,60,2026-W24,1,LOW,4,17,4,17,4,17,4,17,4,15
FX_SPOT,USDCNH,60,2026-W25,-1,HIGH,4,20,4,20,4,20,4,20,4,20
FX_SPOT,USDCNH,60,2026-W25,-1,LOW,2,20,2,20,2,20,2,20,1,20
FX_SPOT,USDCNH,60,2026-W25,1,HIGH,9,18,9,18,9,18,9,18,9,18
FX_SPOT,USDCNH,60,2026-W25,1,LOW,9,12,9,12,9,12,9,11,9,10
FX_SPOT,USDCNH,60,2026-W26,-1,HIGH,4,10,4,10,4,10,4,10,4,10
FX_SPOT,USDCNH,60,2026-W26,-1,LOW,9,23,9,23,9,23,9,22,7,22
FX_SPOT,USDCNH,60,2026-W26,1,HIGH,11,7,11,7,11,7,11,7,11,7
FX_SPOT,USDCNH,60,2026-W26,1,LOW,2,28,2,27,2,27,2,27,2,25
FX_SPOT,USDCNH,60,2026-W27,-1,HIGH,5,10,5,10,5,10,5,10,5,9
FX_SPOT,USDCNH,60,2026-W27,-1,LOW,8,13,8,13,8,13,8,12,7,9
FX_SPOT,USDCNH,60,2026-W27,1,HIGH,1,15,1,15,1,15,1,15,1,14
FX_SPOT,USDCNH,60,2026-W27,1,LOW,2,19,2,19,2,18,1,18,1,13
FX_SPOT,USDCNH,60,2026-W28,-1,HIGH,7,6,7,6,7,5,7,5,6,5
FX_SPOT,USDCNH,60,2026-W28,-1,LOW,10,25,10,25,10,25,10,25,10,25
FX_SPOT,USDCNH,60,2026-W28,1,HIGH,1,12,1,12,1,12,1,12,1,11
FX_SPOT,USDCNH,60,2026-W28,1,LOW,5,30,5,30,5,30,5,30,5,30
FX_SPOT,USDCNH,60,2026-W29,-1,HIGH,4,17,4,17,4,17,4,17,4,17
FX_SPOT,USDCNH,60,2026-W29,-1,LOW,5,22,5,22,5,22,5,22,5,21
FX_SPOT,USDCNH,60,2026-W29,1,HIGH,4,13,4,13,4,13,4,13,4,13
FX_SPOT,USDCNH,60,2026-W29,1,LOW,7,24,7,24,7,24,7,24,7,24
FX_SPOT,USDCNH,60,2026-W30,-1,HIGH,10,15,10,15,10,15,10,15,7,15
FX_SPOT,USDCNH,60,2026-W30,-1,LOW,6,22,6,22,6,21,6,21,6,21
FX_SPOT,USDCNH,60,2026-W30,1,HIGH,8,18,8,18,8,18,8,18,8,15
FX_SPOT,USDCNH,60,2026-W30,1,LOW,6,21,6,20,6,20,6,19,6,19
FX_SPOT,USDCNH,60,2026-W31,-1,HIGH,10,11,10,11,10,11,10,11,10,11
FX_SPOT,USDCNH,60,2026-W31,-1,LOW,6,21,6,21,6,20,6,20,6,18
FX_SPOT,USDCNH,60,2026-W31,1,HIGH,3,20,3,20,3,20,3,20,3,20
FX_SPOT,USDCNH,60,2026-W31,1,LOW,4,20,4,20,4,20,3,20,3,19
FX_SPOT,USDCNH,60,2026-W32,-1,HIGH,5,9,5,9,5,9,5,9,5,8
FX_SPOT,USDCNH,60,2026-W32,-1,LOW,9,18,9,18,9,18,9,18,8,15
FX_SPOT,USDCNH,60,2026-W32,1,HIGH,3,14,3,14,3,14,3,14,3,13
FX_SPOT,USDCNH,60,2026-W32,1,LOW,4,22,4,22,4,22,4,21,4,19
FX_SPOT,USDCNH,60,2026-W33,-1,HIGH,7,15,7,15,7,15,7,15,7,15
FX_SPOT,USDCNH,60,2026-W33,-1,LOW,3,24,3,23,3,23,3,22,3,17
FX_SPOT,USDCNH,60,2026-W33,1,HIGH,2,20,2,20,2,20,2,20,2,19
FX_SPOT,USDCNH,60,2026-W33,1,LOW,6,20,6,20,5,20,5,20,5,16
FX_SPOT,USDCNH,60,2026-W34,-1,HIGH,11,17,11,17,11,17,11,17,11,17
FX_SPOT,USDCNH,60,2026-W34,-1,LOW,6,18,6,18,6,17,6,17,5,17
FX_SPOT,USDCNH,60,2026-W34,1,HIGH,5,22,5,22,5,22,5,22,5,22
FX_SPOT,USDCNH,60,2026-W34,1,LOW,9,15,8,15,8,15,8,15,8,14
FX_SPOT,USDCNH,60,2026-W35,-1,HIGH,6,16,6,16,6,16,6,16,6,13
FX_SPOT,USDCNH,60,2026-W35,-1,LOW,7,21,7,21,7,21,7,21,7,21
FX_SPOT,USDCNH,60,2026-W35,1,HIGH,10,17,10,17,10,17,10,17,8,17
FX_SPOT,USDCNH,60,2026-W35,1,LOW,8,16,7,16,7,16,7,16,7,16
FX_SPOT,USDCNH,60,2026-W36,-1,HIGH,15,15,15,15,15,15,15,15,14,15
FX_SPOT,USDCNH,60,2026-W36,-1,LOW,10,12,10,12,10,12,10,12,10,12
FX_SPOT,USDCNH,60,2026-W36,1,HIGH,6,24,6,24,6,24,6,24,6,24
FX_SPOT,USDCNH,60,2026-W36,1,LOW,5,17,5,16,5,16,5,16,5,16
FX_SPOT,USDCNH,60,2026-W37,-1,HIGH,13,16,13,16,13,16,13,16,13,16
FX_SPOT,USDCNH,60,2026-W37,-1,LOW,9,21,9,21,9,20,9,20,9,19
FX_SPOT,USDCNH,60,2026-W37,1,HIGH,5,23,5,23,5,23,5,23,5,23
FX_SPOT,USDCNH,60,2026-W37,1,LOW,6,22,6,22,6,22,6,22,6,21
FX_SPOT,USDCNH,60,2026-W38,-1,HIGH,3,8,3,8,3,8,3,7,3,5
FX_SPOT,USDCNH,60,2026-W38,-1,LOW,3,10,3,10,3,10,3,10,3,10
FX_SPOT,USDCNH,60,2026-W38,1,HIGH,4,8,4,8,4,8,4,8,2,8
FX_SPOT,USDCNH,60,2026-W38,1,LOW,0,13,0,13,0,13,0,13,0,13
FX_SPOT,USDPLN,35,2025-W38,-1,HIGH,2,10,2,10,2,10,2,10,2,10
FX_SPOT,USDPLN,35,2025-W38,-1,LOW,0,9,0,9,0,9,0,8,0,7
FX_SPOT,USDPLN,35,2025-W38,1,HIGH,6,4,6,4,6,4,6,4,6,4
FX_SPOT,USDPLN,35,2025-W38,1,LOW,3,8,2,8,2,8,1,8,0,8
FX_SPOT,USDPLN,35,2025-W39,-1,HIGH,4,7,4,7,4,7,4,7,4,7
FX_SPOT,USDPLN,35,2025-W39,-1,LOW,10,13,9,13,9,13,8,13,7,12
FX_SPOT,USDPLN,35,2025-W39,1,HIGH,1,11,1,11,1,11,1,11,1,11
FX_SPOT,USDPLN,35,2025-W39,1,LOW,4,17,4,17,4,17,4,16,4,13
FX_SPOT,USDPLN,35,2025-W40,-1,HIGH,8,10,8,10,8,10,8,10,7,8
FX_SPOT,USDPLN,35,2025-W40,-1,LOW,5,16,5,16,5,15,5,15,4,15
FX_SPOT,USDPLN,35,2025-W40,1,HIGH,3,17,3,17,3,17,3,17,1,16
FX_SPOT,USDPLN,35,2025-W40,1,LOW,4,15,4,14,4,14,4,14,4,13
FX_SPOT,USDPLN,35,2025-W41,-1,HIGH,3,23,3,23,3,23,3,23,0,23
FX_SPOT,USDPLN,35,2025-W41,-1,LOW,10,16,10,16,10,16,10,16,10,16
FX_SPOT,USDPLN,35,2025-W41,1,HIGH,12,15,12,15,12,15,12,15,12,13
FX_SPOT,USDPLN,35,2025-W41,1,LOW,7,21,7,20,7,20,7,20,7,20
FX_SPOT,USDPLN,35,2025-W42,-1,HIGH,12,13,12,13,12,13,12,13,12,13
FX_SPOT,USDPLN,35,2025-W42,-1,LOW,12,13,12,13,12,13,12,12,12,10
FX_SPOT,USDPLN,35,2025-W42,1,HIGH,5,23,5,23,5,23,5,23,5,23
FX_SPOT,USDPLN,35,2025-W42,1,LOW,1,23,1,23,1,23,0,23,0,20
FX_SPOT,USDPLN,35,2025-W43,-1,HIGH,7,11,7,11,7,11,7,11,7,10
FX_SPOT,USDPLN,35,2025-W43,-1,LOW,2,20,2,20,2,20,2,20,2,19
FX_SPOT,USDPLN,35,2025-W43,1,HIGH,3,15,3,15,3,15,3,15,2,15
FX_SPOT,USDPLN,35,2025-W43,1,LOW,9,14,9,13,9,13,9,13,9,13
FX_SPOT,USDPLN,35,2025-W44,-1,HIGH,3,7,3,7,3,7,2,7,2,6
FX_SPOT,USDPLN,35,2025-W44,-1,LOW,3,14,3,14,3,14,3,14,2,12
FX_SPOT,USDPLN,35,2025-W44,1,HIGH,2,11,2,11,2,11,2,11,1,9
FX_SPOT,USDPLN,35,2025-W44,1,LOW,3,12,3,12,3,12,3,12,2,12
FX_SPOT,USDPLN,35,2025-W45,-1,HIGH,8,4,8,4,8,4,8,4,8,3
FX_SPOT,USDPLN,35,2025-W45,-1,LOW,10,15,10,15,10,15,10,14,10,13
FX_SPOT,USDPLN,35,2025-W45,1,HIGH,2,13,2,12,2,12,2,12,2,11
FX_SPOT,USDPLN,35,2025-W45,1,LOW,3,20,3,20,3,20,3,20,2,20
FX_SPOT,USDPLN,35,2025-W46,-1,HIGH,8,14,8,14,8,14,8,14,8,13
FX_SPOT,USDPLN,35,2025-W46,-1,LOW,1,22,1,21,1,21,1,21,0,20
FX_SPOT,USDPLN,35,2025-W46,1,HIGH,0,20,0,20,0,20,0,20,0,18
FX_SPOT,USDPLN,35,2025-W46,1,LOW,5,19,5,18,5,18,5,18,5,17
FX_SPOT,USDPLN,35,2025-W47,-1,HIGH,1,14,1,14,1,14,1,14,1,12
FX_SPOT,USDPLN,35,2025-W47,-1,LOW,4,16,4,16,4,16,4,15,4,11
FX_SPOT,USDPLN,35,2025-W47,1,HIGH,6,7,6,7,6,7,6,7,4,6
FX_SPOT,USDPLN,35,2025-W47,1,LOW,7,13,7,13,7,12,7,12,6,9
FX_SPOT,USDPLN,35,2025-W48,-1,HIGH,7,14,7,14,7,14,7,14,5,13
FX_SPOT,USDPLN,35,2025-W48,-1,LOW,8,12,8,11,8,11,8,11,7,9
FX_SPOT,USDPLN,35,2025-W48,1,HIGH,3,15,3,15,3,15,3,15,3,12
FX_SPOT,USDPLN,35,2025-W48,1,LOW,4,18,4,18,4,17,4,17,4,14
FX_SPOT,USDPLN,35,2025-W49,-1,HIGH,3,7,3,7,3,7,3,7,3,6
FX_SPOT,USDPLN,35,2025-W49,-1,LOW,1,10,1,9,1,9,1,8,1,6
FX_SPOT,USDPLN,35,2025-W49,1,HIGH,1,8,1,8,1,8,1,8,0,6
FX_SPOT,USDPLN,35,2025-W49,1,LOW,2,9,2,9,2,9,2,8,2,7
FX_SPOT,USDPLN,35,2025-W50,-1,HIGH,8,8,8,8,8,8,8,8,7,7
FX_SPOT,USDPLN,35,2025-W50,-1,LOW,3,11,3,11,3,11,3,11,3,10
FX_SPOT,USDPLN,35,2025-W50,1,HIGH,5,14,5,14,5,14,5,13,4,12
FX_SPOT,USDPLN,35,2025-W50,1,LOW,0,12,0,11,0,11,0,11,0,10
FX_SPOT,USDPLN,35,2025-W51,-1,HIGH,4,17,4,16,4,16,4,16,4,13
FX_SPOT,USDPLN,35,2025-W51,-1,LOW,4,22,4,22,4,22,4,22,4,22
FX_SPOT,USDPLN,35,2025-W51,1,HIGH,6,17,6,17,6,17,6,17,5,15
FX_SPOT,USDPLN,35,2025-W51,1,LOW,9,17,9,17,9,17,9,17,9,16
FX_SPOT,USDPLN,35,2025-W52,-1,HIGH,0,4,0,4,0,4,0,4,0,3
FX_SPOT,USDPLN,35,2025-W52,-1,LOW,4,6,4,6,4,6,4,5,4,4
FX_SPOT,USDPLN,35,2025-W52,1,HIGH,0,5,0,5,0,5,0,5,0,5
FX_SPOT,USDPLN,35,2025-W52,1,LOW,0,11,0,11,0,11,0,10,0,8
FX_SPOT,USDPLN,35,2026-W01,-1,HIGH,3,10,3,9,3,9,2,8,2,5
FX_SPOT,USDPLN,35,2026-W01,-1,LOW,3,15,3,15,3,15,3,15,3,15
FX_SPOT,USDPLN,35,2026-W01,1,HIGH,3,10,3,10,3,9,3,8,3,5
FX_SPOT,USDPLN,35,2026-W01,1,LOW,5,13,5,13,5,13,5,13,5,13
FX_SPOT,USDPLN,35,2026-W02,-1,HIGH,2,15,2,15,2,15,2,15,1,14
FX_SPOT,USDPLN,35,2026-W02,-1,LOW,2,21,1,21,1,21,1,21,0,20
FX_SPOT,USDPLN,35,2026-W02,1,HIGH,9,8,9,8,9,8,9,8,8,7
FX_SPOT,USDPLN,35,2026-W02,1,LOW,7,16,7,16,7,15,7,15,7,13
FX_SPOT,USDPLN,35,2026-W03,-1,HIGH,1,18,1,18,1,18,1,18,1,16
FX_SPOT,USDPLN,35,2026-W03,-1,LOW,1,24,1,24,1,23,1,22,1,21
FX_SPOT,USDPLN,35,2026-W03,1,HIGH,12,9,12,9,12,9,12,9,9,9
FX_SPOT,USDPLN,35,2026-W03,1,LOW,10,14,10,14,10,14,9,13,9,13
FX_SPOT,USDPLN,35,2026-W04,-1,HIGH,11,14,11,14,11,14,11,14,11,13
FX_SPOT,USDPLN,35,2026-W04,-1,LOW,6,16,6,16,6,16,6,16,6,16
FX_SPOT,USDPLN,35,2026-W04,1,HIGH,2,22,2,22,2,22,2,22,2,21
FX_SPOT,USDPLN,35,2026-W04,1,LOW,3,18,3,18,3,18,3,18,3,18
FX_SPOT,USDPLN,35,2026-W05,-1,HIGH,7,13,7,13,7,13,7,13,7,13
FX_SPOT,USDPLN,35,2026-W05,-1,LOW,4,18,4,18,4,18,4,18,4,17
FX_SPOT,USDPLN,35,2026-W05,1,HIGH,6,14,6,14,6,14,6,14,6,14
FX_SPOT,USDPLN,35,2026-W05,1,LOW,5,20,5,20,5,20,5,20,4,20
FX_SPOT,USDPLN,35,2026-W06,-1,HIGH,1,13,1,13,1,13,1,13,1,13
FX_SPOT,USDPLN,35,2026-W06,-1,LOW,10,15,10,14,10,14,10,14,7,12
FX_SPOT,USDPLN,35,2026-W06,1,HIGH,7,6,7,6,7,6,7,6,7,6
FX_SPOT,USDPLN,35,2026-W06,1,LOW,6,19,6,18,6,17,6,17,5,15
FX_SPOT,USDPLN,35,2026-W07,-1,HIGH,4,15,4,15,4,15,4,15,4,14
FX_SPOT,USDPLN,35,2026-W07,-1,LOW,3,26,3,26,3,26,2,26,2,26
FX_SPOT,USDPLN,35,2026-W07,1,HIGH,2,19,2,19,2,19,2,19,2,17
FX_SPOT,USDPLN,35,2026-W07,1,LOW,13,13,13,13,13,13,13,13,13,13
FX_SPOT,USDPLN,35,2026-W08,-1,HIGH,3,17,3,17,3,17,3,17,3,16
FX_SPOT,USDPLN,35,2026-W08,-1,LOW,0,16,0,16,0,15,0,15,0,14
FX_SPOT,USDPLN,35,2026-W08,1,HIGH,8,9,8,9,8,9,8,9,8,8
FX_SPOT,USDPLN,35,2026-W08,1,LOW,9,7,9,7,9,7,9,7,9,6
FX_SPOT,USDPLN,35,2026-W09,-1,HIGH,5,9,5,9,5,8,5,8,2,8
FX_SPOT,USDPLN,35,2026-W09,-1,LOW,3,15,3,15,3,14,3,13,3,13
FX_SPOT,USDPLN,35,2026-W09,1,HIGH,3,11,3,11,3,11,3,11,3,7
FX_SPOT,USDPLN,35,2026-W09,1,LOW,4,15,4,15,4,15,4,13,4,13
FX_SPOT,USDPLN,35,2026-W10,-1,HIGH,3,24,3,24,3,24,3,24,3,22
FX_SPOT,USDPLN,35,2026-W10,-1,LOW,5,12,5,12,5,12,5,12,5,11
FX_SPOT,USDPLN,35,2026-W10,1,HIGH,6,21,6,21,6,21,6,21,6,19
FX_SPOT,USDPLN,35,2026-W10,1,LOW,5,11,5,11,5,11,5,11,5,11
FX_SPOT,USDPLN,35,2026-W11,-1,HIGH,5,23,5,23,5,23,5,23,5,21
FX_SPOT,USDPLN,35,2026-W11,-1,LOW,2,19,2,19,2,19,2,19,2,19
FX_SPOT,USDPLN,35,2026-W11,1,HIGH,15,11,15,11,15,11,15,11,13,11
FX_SPOT,USDPLN,35,2026-W11,1,LOW,6,18,6,18,6,18,6,18,6,18
FX_SPOT,USDPLN,35,2026-W12,-1,HIGH,9,12,9,12,9,12,9,12,9,12
FX_SPOT,USDPLN,35,2026-W12,-1,LOW,5,21,5,20,5,20,5,20,5,18
FX_SPOT,USDPLN,35,2026-W12,1,HIGH,6,14,6,14,6,14,6,14,6,14
FX_SPOT,USDPLN,35,2026-W12,1,LOW,4,23,4,23,4,22,4,22,4,20
FX_SPOT,USDPLN,35,2026-W13,-1,HIGH,3,16,3,16,3,16,3,16,3,16
FX_SPOT,USDPLN,35,2026-W13,-1,LOW,2,17,2,17,2,17,2,16,2,15
FX_SPOT,USDPLN,35,2026-W13,1,HIGH,8,10,8,10,8,10,8,10,8,10
FX_SPOT,USDPLN,35,2026-W13,1,LOW,4,15,4,15,4,15,4,15,3,15
FX_SPOT,USDPLN,35,2026-W14,-1,HIGH,9,12,9,12,9,12,9,12,9,11
FX_SPOT,USDPLN,35,2026-W14,-1,LOW,8,26,8,26,8,26,8,25,8,25
FX_SPOT,USDPLN,35,2026-W14,1,HIGH,5,14,5,14,5,14,5,14,4,14
FX_SPOT,USDPLN,35,2026-W14,1,LOW,8,26,8,26,8,26,8,26,8,26
FX_SPOT,USDPLN,35,2026-W15,-1,HIGH,11,12,11,12,11,12,11,12,10,12
FX_SPOT,USDPLN,35,2026-W15,-1,LOW,4,13,4,13,4,13,4,11,4,9
FX_SPOT,USDPLN,35,2026-W15,1,HIGH,3,23,3,23,3,23,3,23,3,21
FX_SPOT,USDPLN,35,2026-W15,1,LOW,1,11,1,11,1,10,1,10,1,8
FX_SPOT,USDPLN,35,2026-W16,-1,HIGH,12,12,12,12,12,12,12,11,12,10
FX_SPOT,USDPLN,35,2026-W16,-1,LOW,8,21,8,21,8,21,8,21,8,21
FX_SPOT,USDPLN,35,2026-W16,1,HIGH,6,18,6,18,6,18,6,17,6,16
FX_SPOT,USDPLN,35,2026-W16,1,LOW,7,22,7,22,7,22,7,22,7,22
FX_SPOT,USDPLN,35,2026-W17,-1,HIGH,4,22,4,22,4,22,4,22,4,22
FX_SPOT,USDPLN,35,2026-W17,-1,LOW,3,23,3,23,3,23,3,23,1,23
FX_SPOT,USDPLN,35,2026-W17,1,HIGH,10,13,10,13,10,13,10,13,10,13
FX_SPOT,USDPLN,35,2026-W17,1,LOW,7,22,7,22,7,22,7,21,7,20
FX_SPOT,USDPLN,35,2026-W18,-1,HIGH,6,17,6,17,6,17,6,17,5,16
FX_SPOT,USDPLN,35,2026-W18,-1,LOW,4,9,4,9,4,9,4,9,3,9
FX_SPOT,USDPLN,35,2026-W18,1,HIGH,7,18,7,18,7,18,7,18,7,16
FX_SPOT,USDPLN,35,2026-W18,1,LOW,3,8,3,8,3,8,3,8,3,8
FX_SPOT,USDPLN,35,2026-W19,-1,HIGH,13,13,13,13,13,13,13,13,13,12
FX_SPOT,USDPLN,35,2026-W19,-1,LOW,8,24,8,23,8,23,8,23,8,23
FX_SPOT,USDPLN,35,2026-W19,1,HIGH,4,23,4,23,4,23,4,23,4,23
FX_SPOT,USDPLN,35,2026-W19,1,LOW,4,27,4,27,4,27,4,27,4,26
FX_SPOT,USDPLN,35,2026-W20,-1,HIGH,6,14,6,14,6,14,6,14,6,14
FX_SPOT,USDPLN,35,2026-W20,-1,LOW,0,21,0,21,0,21,0,21,0,19
FX_SPOT,USDPLN,35,2026-W20,1,HIGH,7,13,7,13,7,13,7,13,7,13
FX_SPOT,USDPLN,35,2026-W20,1,LOW,6,14,6,14,6,14,6,14,6,13
FX_SPOT,USDPLN,35,2026-W21,-1,HIGH,5,11,5,11,5,11,5,11,5,11
FX_SPOT,USDPLN,35,2026-W21,-1,LOW,4,23,4,23,4,23,4,23,4,23
FX_SPOT,USDPLN,35,2026-W21,1,HIGH,4,11,4,11,4,11,4,11,4,11
FX_SPOT,USDPLN,35,2026-W21,1,LOW,13,16,13,16,13,16,13,16,13,15
FX_SPOT,USDPLN,35,2026-W22,-1,HIGH,3,24,3,24,3,24,3,24,1,24
FX_SPOT,USDPLN,35,2026-W22,-1,LOW,7,11,7,11,7,11,7,11,7,11
FX_SPOT,USDPLN,35,2026-W22,1,HIGH,8,17,8,17,8,17,8,17,8,16
FX_SPOT,USDPLN,35,2026-W22,1,LOW,2,20,2,20,2,20,2,19,2,19
FX_SPOT,USDPLN,35,2026-W23,-1,HIGH,5,9,5,9,5,9,5,9,5,7
FX_SPOT,USDPLN,35,2026-W23,-1,LOW,3,31,3,31,3,31,3,31,3,31
FX_SPOT,USDPLN,35,2026-W23,1,HIGH,6,11,6,10,6,10,6,10,5,10
FX_SPOT,USDPLN,35,2026-W23,1,LOW,13,19,13,19,13,19,13,19,13,19
FX_SPOT,USDPLN,35,2026-W24,-1,HIGH,5,21,5,21,5,21,5,21,5,21
FX_SPOT,USDPLN,35,2026-W24,-1,LOW,6,15,6,15,6,15,6,15,5,14
FX_SPOT,USDPLN,35,2026-W24,1,HIGH,2,22,2,22,2,22,2,22,2,22
FX_SPOT,USDPLN,35,2026-W24,1,LOW,7,14,7,14,7,14,7,14,7,12
FX_SPOT,USDPLN,35,2026-W25,-1,HIGH,5,19,5,19,5,19,5,19,5,17
FX_SPOT,USDPLN,35,2026-W25,-1,LOW,4,20,4,20,4,20,4,20,3,20
FX_SPOT,USDPLN,35,2026-W25,1,HIGH,10,14,10,14,10,14,10,14,10,13
FX_SPOT,USDPLN,35,2026-W25,1,LOW,3,20,3,20,3,20,3,19,3,18
FX_SPOT,USDPLN,35,2026-W26,-1,HIGH,5,20,5,20,5,20,5,20,5,18
FX_SPOT,USDPLN,35,2026-W26,-1,LOW,2,24,2,24,2,24,2,24,2,24
FX_SPOT,USDPLN,35,2026-W26,1,HIGH,9,16,9,16,9,16,9,16,9,15
FX_SPOT,USDPLN,35,2026-W26,1,LOW,10,18,10,17,10,17,10,17,10,17
FX_SPOT,USDPLN,35,2026-W27,-1,HIGH,8,10,8,10,8,10,8,10,8,10
FX_SPOT,USDPLN,35,2026-W27,-1,LOW,6,19,6,19,6,19,6,19,6,19
FX_SPOT,USDPLN,35,2026-W27,1,HIGH,3,17,3,17,3,17,3,17,3,17
FX_SPOT,USDPLN,35,2026-W27,1,LOW,2,23,2,23,2,23,2,23,1,23
FX_SPOT,USDPLN,35,2026-W28,-1,HIGH,2,20,2,20,2,20,2,20,2,20
FX_SPOT,USDPLN,35,2026-W28,-1,LOW,4,13,3,12,3,12,2,11,2,11
FX_SPOT,USDPLN,35,2026-W28,1,HIGH,11,12,11,12,11,12,11,12,11,11
FX_SPOT,USDPLN,35,2026-W28,1,LOW,3,13,3,13,3,13,3,11,3,10
FX_SPOT,USDPLN,35,2026-W29,-1,HIGH,5,15,5,15,5,15,5,15,5,15
FX_SPOT,USDPLN,35,2026-W29,-1,LOW,5,26,5,25,5,25,5,25,5,23
FX_SPOT,USDPLN,35,2026-W29,1,HIGH,3,17,3,17,3,17,3,17,3,16
FX_SPOT,USDPLN,35,2026-W29,1,LOW,9,21,9,21,8,21,8,21,7,21
FX_SPOT,USDPLN,35,2026-W30,-1,HIGH,7,15,7,15,7,15,7,15,7,14
FX_SPOT,USDPLN,35,2026-W30,-1,LOW,3,29,3,28,3,28,3,27,3,26
FX_SPOT,USDPLN,35,2026-W30,1,HIGH,7,14,7,14,7,14,7,14,7,14
FX_SPOT,USDPLN,35,2026-W30,1,LOW,7,25,7,25,7,24,7,24,7,22
FX_SPOT,USDPLN,35,2026-W31,-1,HIGH,12,10,12,10,12,10,12,10,10,10
FX_SPOT,USDPLN,35,2026-W31,-1,LOW,3,25,3,25,2,25,2,25,2,25
FX_SPOT,USDPLN,35,2026-W31,1,HIGH,7,18,7,18,7,18,7,18,7,16
FX_SPOT,USDPLN,35,2026-W31,1,LOW,7,19,7,19,7,19,7,18,7,18
FX_SPOT,USDPLN,35,2026-W32,-1,HIGH,7,16,7,16,7,16,7,16,7,15
FX_SPOT,USDPLN,35,2026-W32,-1,LOW,16,19,16,19,16,19,16,19,15,19
FX_SPOT,USDPLN,35,2026-W32,1,HIGH,4,18,4,18,4,18,4,18,4,17
FX_SPOT,USDPLN,35,2026-W32,1,LOW,8,26,8,26,8,26,8,25,8,24
FX_SPOT,USDPLN,35,2026-W33,-1,HIGH,7,15,7,15,7,15,7,15,7,14
FX_SPOT,USDPLN,35,2026-W33,-1,LOW,0,27,0,26,0,26,0,26,0,26
FX_SPOT,USDPLN,35,2026-W33,1,HIGH,1,22,1,22,1,22,1,21,1,21
FX_SPOT,USDPLN,35,2026-W33,1,LOW,11,17,11,17,11,17,11,17,11,17
FX_SPOT,USDPLN,35,2026-W34,-1,HIGH,12,14,12,14,12,14,12,14,12,12
FX_SPOT,USDPLN,35,2026-W34,-1,LOW,4,22,4,21,4,21,4,21,4,21
FX_SPOT,USDPLN,35,2026-W34,1,HIGH,6,23,6,23,6,23,6,23,6,22
FX_SPOT,USDPLN,35,2026-W34,1,LOW,12,11,12,11,12,11,12,11,12,10
FX_SPOT,USDPLN,35,2026-W35,-1,HIGH,1,20,1,20,1,20,1,20,1,19
FX_SPOT,USDPLN,35,2026-W35,-1,LOW,7,21,7,21,7,21,7,21,7,21
FX_SPOT,USDPLN,35,2026-W35,1,HIGH,7,16,7,16,7,16,7,16,7,16
FX_SPOT,USDPLN,35,2026-W35,1,LOW,10,17,10,17,9,17,9,17,9,17
FX_SPOT,USDPLN,35,2026-W36,-1,HIGH,6,10,6,10,6,10,6,10,6,9
FX_SPOT,USDPLN,35,2026-W36,-1,LOW,10,14,10,14,10,13,10,13,6,11
FX_SPOT,USDPLN,35,2026-W36,1,HIGH,3,13,3,13,3,13,3,13,3,11
FX_SPOT,USDPLN,35,2026-W36,1,LOW,4,19,4,19,4,18,4,18,4,14
FX_SPOT,USDPLN,35,2026-W37,-1,HIGH,3,18,3,18,3,18,3,18,3,15
FX_SPOT,USDPLN,35,2026-W37,-1,LOW,6,13,6,12,6,11,6,11,6,10
FX_SPOT,USDPLN,35,2026-W37,1,HIGH,6,17,6,17,6,17,6,17,6,13
FX_SPOT,USDPLN,35,2026-W37,1,LOW,3,11,3,11,3,11,2,11,1,11
FX_SPOT,USDPLN,35,2026-W38,-1,HIGH,0,6,0,6,0,6,0,6,0,2
FX_SPOT,USDPLN,35,2026-W38,-1,LOW,0,6,0,5,0,5,0,3,0,1
FX_SPOT,USDPLN,35,2026-W38,1,HIGH,4,3,4,3,4,3,4,3,2,1
FX_SPOT,USDPLN,35,2026-W38,1,LOW,2,4,2,4,2,4,1,4,1,2
FX_SPOT,USDSGD,28,2025-W38,-1,HIGH,0,11,0,11,0,11,0,11,0,11
FX_SPOT,USDSGD,28,2025-W38,-1,LOW,0,11,0,11,0,11,0,11,0,9
FX_SPOT,USDSGD,28,2025-W38,1,HIGH,8,3,8,3,8,3,8,3,8,3
FX_SPOT,USDSGD,28,2025-W38,1,LOW,5,7,5,7,5,7,4,7,4,5
FX_SPOT,USDSGD,28,2025-W39,-1,HIGH,4,16,4,16,4,16,4,16,4,16
FX_SPOT,USDSGD,28,2025-W39,-1,LOW,9,23,9,23,9,23,9,23,7,23
FX_SPOT,USDSGD,28,2025-W39,1,HIGH,5,17,5,17,5,17,5,17,5,17
FX_SPOT,USDSGD,28,2025-W39,1,LOW,9,19,9,19,9,19,9,19,9,18
FX_SPOT,USDSGD,28,2025-W40,-1,HIGH,5,14,5,14,5,14,5,14,4,14
FX_SPOT,USDSGD,28,2025-W40,-1,LOW,3,22,3,22,3,22,3,22,2,21
FX_SPOT,USDSGD,28,2025-W40,1,HIGH,4,18,4,18,4,18,4,18,4,16
FX_SPOT,USDSGD,28,2025-W40,1,LOW,4,21,4,20,4,19,4,18,4,18
FX_SPOT,USDSGD,28,2025-W41,-1,HIGH,5,19,5,19,5,19,5,19,5,19
FX_SPOT,USDSGD,28,2025-W41,-1,LOW,7,16,7,16,7,16,7,16,7,15
FX_SPOT,USDSGD,28,2025-W41,1,HIGH,10,12,10,12,10,12,10,12,10,12
FX_SPOT,USDSGD,28,2025-W41,1,LOW,5,21,5,20,5,20,5,20,5,20
FX_SPOT,USDSGD,28,2025-W42,-1,HIGH,4,15,4,15,4,15,4,15,4,15
FX_SPOT,USDSGD,28,2025-W42,-1,LOW,5,13,5,12,5,12,5,12,5,9
FX_SPOT,USDSGD,28,2025-W42,1,HIGH,4,18,4,18,4,18,4,18,4,18
FX_SPOT,USDSGD,28,2025-W42,1,LOW,4,12,4,12,4,12,4,12,3,9
FX_SPOT,USDSGD,28,2025-W43,-1,HIGH,6,13,6,13,6,13,6,13,6,12
FX_SPOT,USDSGD,28,2025-W43,-1,LOW,3,22,3,22,3,22,3,22,2,22
FX_SPOT,USDSGD,28,2025-W43,1,HIGH,7,14,7,14,7,14,7,14,7,14
FX_SPOT,USDSGD,28,2025-W43,1,LOW,10,13,10,13,10,13,10,13,10,12
FX_SPOT,USDSGD,28,2025-W44,-1,HIGH,2,22,2,22,2,22,2,22,2,22
FX_SPOT,USDSGD,28,2025-W44,-1,LOW,5,22,5,22,5,22,5,22,5,21
FX_SPOT,USDSGD,28,2025-W44,1,HIGH,10,12,10,12,10,12,10,12,10,12
FX_SPOT,USDSGD,28,2025-W44,1,LOW,8,23,7,23,7,23,7,23,6,23
FX_SPOT,USDSGD,28,2025-W45,-1,HIGH,9,13,9,13,9,13,9,13,9,13
FX_SPOT,USDSGD,28,2025-W45,-1,LOW,11,16,11,16,11,16,11,16,9,13
FX_SPOT,USDSGD,28,2025-W45,1,HIGH,7,20,7,19,7,19,7,19,6,19
FX_SPOT,USDSGD,28,2025-W45,1,LOW,4,21,4,20,4,20,4,20,3,18
FX_SPOT,USDSGD,28,2025-W46,-1,HIGH,8,7,7,7,7,7,7,7,6,6
FX_SPOT,USDSGD,28,2025-W46,-1,LOW,0,13,0,13,0,13,0,13,0,10
FX_SPOT,USDSGD,28,2025-W46,1,HIGH,2,14,2,14,2,14,2,14,2,12
FX_SPOT,USDSGD,28,2025-W46,1,LOW,2,11,2,11,2,11,2,9,2,8
FX_SPOT,USDSGD,28,2025-W47,-1,HIGH,2,20,2,20,2,20,2,20,2,18
FX_SPOT,USDSGD,28,2025-W47,-1,LOW,10,20,10,20,10,20,9,20,9,20
FX_SPOT,USDSGD,28,2025-W47,1,HIGH,7,16,7,16,7,16,7,16,7,13
FX_SPOT,USDSGD,28,2025-W47,1,LOW,11,16,11,16,11,16,11,16,11,16
FX_SPOT,USDSGD,28,2025-W48,-1,HIGH,9,7,9,7,9,7,9,7,8,7
FX_SPOT,USDSGD,28,2025-W48,-1,LOW,12,14,12,14,12,14,11,14,9,14
FX_SPOT,USDSGD,28,2025-W48,1,HIGH,1,18,1,18,1,18,1,18,1,18
FX_SPOT,USDSGD,28,2025-W48,1,LOW,2,24,2,24,2,24,2,23,2,19
FX_SPOT,USDSGD,28,2025-W49,-1,HIGH,3,18,3,18,3,18,3,18,3,17
FX_SPOT,USDSGD,28,2025-W49,-1,LOW,12,13,12,12,12,12,12,12,12,12
FX_SPOT,USDSGD,28,2025-W49,1,HIGH,5,18,5,18,5,18,5,18,4,17
FX_SPOT,USDSGD,28,2025-W49,1,LOW,5,18,5,18,5,18,5,18,5,18
FX_SPOT,USDSGD,28,2025-W50,-1,HIGH,7,17,7,17,7,17,7,17,7,16
FX_SPOT,USDSGD,28,2025-W50,-1,LOW,13,21,13,21,13,21,13,21,13,21
FX_SPOT,USDSGD,28,2025-W50,1,HIGH,5,21,5,21,5,21,5,20,5,19
FX_SPOT,USDSGD,28,2025-W50,1,LOW,3,27,3,27,3,27,3,27,3,27
FX_SPOT,USDSGD,28,2025-W51,-1,HIGH,6,15,6,15,6,15,6,15,6,15
FX_SPOT,USDSGD,28,2025-W51,-1,LOW,6,20,6,20,6,20,6,20,5,20
FX_SPOT,USDSGD,28,2025-W51,1,HIGH,6,13,6,13,6,13,6,13,6,13
FX_SPOT,USDSGD,28,2025-W51,1,LOW,5,25,5,25,5,25,5,25,4,24
FX_SPOT,USDSGD,28,2025-W52,-1,HIGH,6,6,6,6,6,6,6,6,6,5
FX_SPOT,USDSGD,28,2025-W52,-1,LOW,10,7,9,7,9,7,9,6,9,5
FX_SPOT,USDSGD,28,2025-W52,1,HIGH,0,14,0,14,0,14,0,14,0,13
FX_SPOT,USDSGD,28,2025-W52,1,LOW,0,13,0,13,0,13,0,12,0,10
FX_SPOT,USDSGD,28,2026-W01,-1,HIGH,2,9,2,9,2,9,2,9,2,6
FX_SPOT,USDSGD,28,2026-W01,-1,LOW,5,10,5,10,5,10,5,8,5,8
FX_SPOT,USDSGD,28,2026-W01,1,HIGH,4,8,4,8,4,8,4,8,2,8
FX_SPOT,USDSGD,28,2026-W01,1,LOW,4,11,3,11,3,11,2,11,2,11
FX_SPOT,USDSGD,28,2026-W02,-1,HIGH,5,16,5,16,5,16,5,16,5,15
FX_SPOT,USDSGD,28,2026-W02,-1,LOW,3,28,3,27,3,27,3,27,3,26
FX_SPOT,USDSGD,28,2026-W02,1,HIGH,7,13,7,13,7,13,7,13,7,13
FX_SPOT,USDSGD,28,2026-W02,1,LOW,15,15,15,15,15,15,15,15,15,13
FX_SPOT,USDSGD,28,2026-W03,-1,HIGH,5,12,5,12,5,12,5,12,5,11
FX_SPOT,USDSGD,28,2026-W03,-1,LOW,5,24,5,23,5,23,5,22,5,21
FX_SPOT,USDSGD,28,2026-W03,1,HIGH,5,12,5,12,5,12,5,12,4,12
FX_SPOT,USDSGD,28,2026-W03,1,LOW,9,18,9,18,9,18,9,17,9,16
FX_SPOT,USDSGD,28,2026-W04,-1,HIGH,5,15,5,15,5,15,5,15,4,15
FX_SPOT,USDSGD,28,2026-W04,-1,LOW,15,11,15,11,15,11,15,11,15,11
FX_SPOT,USDSGD,28,2026-W04,1,HIGH,3,21,3,21,3,21,3,21,3,20
FX_SPOT,USDSGD,28,2026-W04,1,LOW,4,16,4,16,4,16,4,16,4,16
FX_SPOT,USDSGD,28,2026-W05,-1,HIGH,5,16,5,15,5,15,5,15,5,15
FX_SPOT,USDSGD,28,2026-W05,-1,LOW,11,20,11,20,11,20,11,20,11,19
FX_SPOT,USDSGD,28,2026-W05,1,HIGH,11,11,11,11,11,11,11,11,10,11
FX_SPOT,USDSGD,28,2026-W05,1,LOW,5,27,5,27,5,27,5,27,5,27
FX_SPOT,USDSGD,28,2026-W06,-1,HIGH,7,12,7,12,7,12,7,12,7,12
FX_SPOT,USDSGD,28,2026-W06,-1,LOW,6,21,5,21,5,21,5,21,5,20
FX_SPOT,USDSGD,28,2026-W06,1,HIGH,3,13,3,13,3,13,3,13,3,13
FX_SPOT,USDSGD,28,2026-W06,1,LOW,5,25,5,25,5,24,5,24,5,23
FX_SPOT,USDSGD,28,2026-W07,-1,HIGH,11,18,11,18,11,18,11,18,11,16
FX_SPOT,USDSGD,28,2026-W07,-1,LOW,6,20,6,20,6,20,5,20,5,20
FX_SPOT,USDSGD,28,2026-W07,1,HIGH,3,27,3,27,3,27,3,27,3,24
FX_SPOT,USDSGD,28,2026-W07,1,LOW,9,17,9,17,9,17,9,17,9,17
FX_SPOT,USDSGD,28,2026-W08,-1,HIGH,4,22,4,22,4,22,4,22,3,22
FX_SPOT,USDSGD,28,2026-W08,-1,LOW,1,22,1,22,1,22,1,22,1,21
FX_SPOT,USDSGD,28,2026-W08,1,HIGH,12,13,12,13,12,13,12,13,12,12
FX_SPOT,USDSGD,28,2026-W08,1,LOW,9,13,9,12,9,12,9,12,9,12
FX_SPOT,USDSGD,28,2026-W09,-1,HIGH,8,13,8,13,8,13,8,13,8,13
FX_SPOT,USDSGD,28,2026-W09,-1,LOW,7,17,7,17,7,17,7,17,6,16
FX_SPOT,USDSGD,28,2026-W09,1,HIGH,3,19,3,19,3,19,3,19,3,18
FX_SPOT,USDSGD,28,2026-W09,1,LOW,7,16,7,16,7,16,7,15,7,14
FX_SPOT,USDSGD,28,2026-W10,-1,HIGH,5,20,5,20,5,20,5,20,5,17
FX_SPOT,USDSGD,28,2026-W10,-1,LOW,7,17,7,17,7,17,7,16,7,16
FX_SPOT,USDSGD,28,2026-W10,1,HIGH,5,18,5,18,5,18,5,18,5,15
FX_SPOT,USDSGD,28,2026-W10,1,LOW,2,24,2,24,2,24,2,24,2,24
FX_SPOT,USDSGD,28,2026-W11,-1,HIGH,5,14,5,14,5,14,5,14,5,13
FX_SPOT,USDSGD,28,2026-W11,-1,LOW,3,21,3,21,3,21,3,21,3,21
FX_SPOT,USDSGD,28,2026-W11,1,HIGH,9,13,9,13,9,13,9,13,8,13
FX_SPOT,USDSGD,28,2026-W11,1,LOW,6,17,6,17,6,17,6,17,6,17
FX_SPOT,USDSGD,28,2026-W12,-1,HIGH,10,11,10,11,10,11,10,11,10,10
FX_SPOT,USDSGD,28,2026-W12,-1,LOW,4,21,4,21,4,21,4,21,4,21
FX_SPOT,USDSGD,28,2026-W12,1,HIGH,7,14,7,13,7,13,7,13,7,13
FX_SPOT,USDSGD,28,2026-W12,1,LOW,4,21,4,21,4,21,4,21,4,20
FX_SPOT,USDSGD,28,2026-W13,-1,HIGH,2,17,2,17,2,17,2,17,2,17
FX_SPOT,USDSGD,28,2026-W13,-1,LOW,1,30,1,29,1,29,1,28,1,26
FX_SPOT,USDSGD,28,2026-W13,1,HIGH,6,11,6,11,6,11,6,11,6,11
FX_SPOT,USDSGD,28,2026-W13,1,LOW,18,13,18,13,17,13,17,13,15,13
FX_SPOT,USDSGD,28,2026-W14,-1,HIGH,9,11,9,11,9,11,9,11,9,10
FX_SPOT,USDSGD,28,2026-W14,-1,LOW,6,17,6,17,6,17,6,17,6,14
FX_SPOT,USDSGD,28,2026-W14,1,HIGH,3,17,3,17,3,17,3,17,3,16
FX_SPOT,USDSGD,28,2026-W14,1,LOW,9,12,9,12,9,12,9,12,7,12
FX_SPOT,USDSGD,28,2026-W15,-1,HIGH,9,13,9,13,9,13,9,13,9,12
FX_SPOT,USDSGD,28,2026-W15,-1,LOW,4,19,3,19,3,19,3,19,3,18
FX_SPOT,USDSGD,28,2026-W15,1,HIGH,3,16,3,16,3,16,3,16,3,16
FX_SPOT,USDSGD,28,2026-W15,1,LOW,6,24,6,24,6,23,6,23,6,21
FX_SPOT,USDSGD,28,2026-W16,-1,HIGH,9,17,9,16,9,16,9,16,9,15
FX_SPOT,USDSGD,28,2026-W16,-1,LOW,10,16,10,16,10,16,10,16,10,16
FX_SPOT,USDSGD,28,2026-W16,1,HIGH,7,16,7,16,7,16,7,16,7,14
FX_SPOT,USDSGD,28,2026-W16,1,LOW,5,23,5,23,5,23,5,23,5,23
FX_SPOT,USDSGD,28,2026-W17,-1,HIGH,10,16,10,16,10,16,10,16,8,16
FX_SPOT,USDSGD,28,2026-W17,-1,LOW,8,22,8,21,8,21,8,21,8,21
FX_SPOT,USDSGD,28,2026-W17,1,HIGH,7,17,7,17,7,17,7,17,7,14
FX_SPOT,USDSGD,28,2026-W17,1,LOW,10,21,10,21,10,21,10,21,10,21
FX_SPOT,USDSGD,28,2026-W18,-1,HIGH,6,16,6,16,6,16,6,16,6,16
FX_SPOT,USDSGD,28,2026-W18,-1,LOW,4,21,4,20,4,20,4,20,4,19
FX_SPOT,USDSGD,28,2026-W18,1,HIGH,11,12,11,12,11,12,11,12,11,12
FX_SPOT,USDSGD,28,2026-W18,1,LOW,9,17,9,17,9,17,9,17,9,16
FX_SPOT,USDSGD,28,2026-W19,-1,HIGH,11,10,11,10,11,10,11,10,11,10
FX_SPOT,USDSGD,28,2026-W19,-1,LOW,14,18,14,18,14,18,14,18,12,18
FX_SPOT,USDSGD,28,2026-W19,1,HIGH,2,18,2,18,2,18,2,18,2,18
FX_SPOT,USDSGD,28,2026-W19,1,LOW,9,24,9,24,9,24,9,23,9,21
FX_SPOT,USDSGD,28,2026-W20,-1,HIGH,1,22,1,22,1,22,1,22,1,22
FX_SPOT,USDSGD,28,2026-W20,-1,LOW,3,22,3,21,3,21,3,21,3,20
FX_SPOT,USDSGD,28,2026-W20,1,HIGH,14,9,14,9,14,9,14,9,13,9
FX_SPOT,USDSGD,28,2026-W20,1,LOW,9,17,9,17,9,17,9,17,9,16
FX_SPOT,USDSGD,28,2026-W21,-1,HIGH,14,9,14,9,14,9,14,9,14,9
FX_SPOT,USDSGD,28,2026-W21,-1,LOW,3,33,2,33,2,33,2,33,2,33
FX_SPOT,USDSGD,28,2026-W21,1,HIGH,6,16,6,16,6,16,6,16,6,16
FX_SPOT,USDSGD,28,2026-W21,1,LOW,15,23,15,23,15,23,15,23,15,22
FX_SPOT,USDSGD,28,2026-W22,-1,HIGH,7,13,7,13,7,13,7,13,6,13
FX_SPOT,USDSGD,28,2026-W22,-1,LOW,8,6,8,6,8,6,8,6,7,6
FX_SPOT,USDSGD,28,2026-W22,1,HIGH,5,10,5,10,5,10,5,10,5,10
FX_SPOT,USDSGD,28,2026-W22,1,LOW,1,19,1,19,1,19,1,18,1,16
FX_SPOT,USDSGD,28,2026-W23,-1,HIGH,2,23,2,23,2,23,2,23,2,21
FX_SPOT,USDSGD,28,2026-W23,-1,LOW,2,17,2,17,2,17,2,17,2,17
FX_SPOT,USDSGD,28,2026-W23,1,HIGH,16,8,16,8,16,8,16,8,15,8
FX_SPOT,USDSGD,28,2026-W23,1,LOW,10,9,10,9,9,9,9,9,9,9
FX_SPOT,USDSGD,28,2026-W24,-1,HIGH,6,9,5,9,5,9,5,9,3,9
FX_SPOT,USDSGD,28,2026-W24,-1,LOW,6,18,6,18,6,18,6,18,6,16
FX_SPOT,USDSGD,28,2026-W24,1,HIGH,3,13,3,13,3,12,3,12,3,11
FX_SPOT,USDSGD,28,2026-W24,1,LOW,3,19,3,19,3,19,3,19,3,18
FX_SPOT,USDSGD,28,2026-W25,-1,HIGH,3,15,3,15,3,15,3,15,3,15
FX_SPOT,USDSGD,28,2026-W25,-1,LOW,3,24,2,24,2,24,1,24,1,23
FX_SPOT,USDSGD,28,2026-W25,1,HIGH,4,13,4,13,4,13,4,13,4,13
FX_SPOT,USDSGD,28,2026-W25,1,LOW,7,18,7,18,7,18,7,17,7,16
FX_SPOT,USDSGD,28,2026-W26,-1,HIGH,2,17,2,17,2,17,2,17,2,17
FX_SPOT,USDSGD,28,2026-W26,-1,LOW,3,19,3,19,3,19,3,18,3,18
FX_SPOT,USDSGD,28,2026-W26,1,HIGH,8,14,8,14,8,14,8,14,8,14
FX_SPOT,USDSGD,28,2026-W26,1,LOW,7,14,7,14,7,14,7,14,7,14
FX_SPOT,USDSGD,28,2026-W27,-1,HIGH,12,10,12,10,12,10,12,10,12,10
FX_SPOT,USDSGD,28,2026-W27,-1,LOW,9,17,9,17,9,17,9,17,9,16
FX_SPOT,USDSGD,28,2026-W27,1,HIGH,3,21,3,21,3,21,3,21,3,21
FX_SPOT,USDSGD,28,2026-W27,1,LOW,4,20,4,20,4,20,4,20,4,19
FX_SPOT,USDSGD,28,2026-W28,-1,HIGH,4,11,4,11,4,11,4,11,4,11
FX_SPOT,USDSGD,28,2026-W28,-1,LOW,11,21,11,21,11,21,11,21,11,21
FX_SPOT,USDSGD,28,2026-W28,1,HIGH,3,18,3,18,3,18,3,18,3,17
FX_SPOT,USDSGD,28,2026-W28,1,LOW,1,26,1,26,1,26,1,26,1,26
FX_SPOT,USDSGD,28,2026-W29,-1,HIGH,8,13,8,13,8,13,8,13,8,13
FX_SPOT,USDSGD,28,2026-W29,-1,LOW,6,19,6,19,6,19,6,19,6,17
FX_SPOT,USDSGD,28,2026-W29,1,HIGH,6,18,6,18,6,18,6,18,6,18
FX_SPOT,USDSGD,28,2026-W29,1,LOW,9,14,9,14,9,14,9,14,8,14
FX_SPOT,USDSGD,28,2026-W30,-1,HIGH,7,19,7,19,7,19,7,19,6,19
FX_SPOT,USDSGD,28,2026-W30,-1,LOW,7,18,7,18,7,17,7,16,7,16
FX_SPOT,USDSGD,28,2026-W30,1,HIGH,8,18,8,18,8,18,8,18,8,17
FX_SPOT,USDSGD,28,2026-W30,1,LOW,6,19,6,18,6,18,6,17,6,17
FX_SPOT,USDSGD,28,2026-W31,-1,HIGH,4,17,4,17,3,17,3,17,3,16
FX_SPOT,USDSGD,28,2026-W31,-1,LOW,7,14,7,14,6,14,6,14,4,14
FX_SPOT,USDSGD,28,2026-W31,1,HIGH,7,17,7,17,7,17,7,17,7,15
FX_SPOT,USDSGD,28,2026-W31,1,LOW,8,13,8,12,8,12,8,11,8,11
FX_SPOT,USDSGD,28,2026-W32,-1,HIGH,6,9,6,9,6,9,6,9,6,8
FX_SPOT,USDSGD,28,2026-W32,-1,LOW,14,22,13,22,13,22,13,22,12,22
FX_SPOT,USDSGD,28,2026-W32,1,HIGH,3,14,3,14,3,14,3,14,3,12
FX_SPOT,USDSGD,28,2026-W32,1,LOW,9,25,9,25,9,25,9,24,9,24
FX_SPOT,USDSGD,28,2026-W33,-1,HIGH,0,23,0,23,0,23,0,23,0,23
FX_SPOT,USDSGD,28,2026-W33,-1,LOW,8,21,8,20,8,20,8,19,8,18
FX_SPOT,USDSGD,28,2026-W33,1,HIGH,11,8,11,8,11,8,11,8,11,8
FX_SPOT,USDSGD,28,2026-W33,1,LOW,7,25,7,25,6,25,5,25,5,25
FX_SPOT,USDSGD,28,2026-W34,-1,HIGH,14,19,14,19,14,19,14,19,14,17
FX_SPOT,USDSGD,28,2026-W34,-1,LOW,4,15,4,15,4,15,4,15,4,15
FX_SPOT,USDSGD,28,2026-W34,1,HIGH,6,23,6,23,6,23,6,23,6,22
FX_SPOT,USDSGD,28,2026-W34,1,LOW,8,15,8,15,8,15,8,15,8,14
FX_SPOT,USDSGD,28,2026-W35,-1,HIGH,3,25,3,25,3,25,3,25,3,23
FX_SPOT,USDSGD,28,2026-W35,-1,LOW,7,19,7,19,7,19,7,19,7,19
FX_SPOT,USDSGD,28,2026-W35,1,HIGH,8,14,8,14,7,14,7,14,6,14
FX_SPOT,USDSGD,28,2026-W35,1,LOW,8,21,8,21,8,21,8,21,8,21
FX_SPOT,USDSGD,28,2026-W36,-1,HIGH,8,15,8,15,8,15,8,15,8,15
FX_SPOT,USDSGD,28,2026-W36,-1,LOW,8,19,8,18,8,18,8,18,8,17
FX_SPOT,USDSGD,28,2026-W36,1,HIGH,6,22,6,22,6,22,6,22,6,21
FX_SPOT,USDSGD,28,2026-W36,1,LOW,4,18,4,18,4,18,4,17,4,17
FX_SPOT,USDSGD,28,2026-W37,-1,HIGH,3,9,3,9,3,9,3,9,3,9
FX_SPOT,USDSGD,28,2026-W37,-1,LOW,7,22,6,22,6,21,6,21,6,17
FX_SPOT,USDSGD,28,2026-W37,1,HIGH,2,10,2,10,2,10,2,10,2,10
FX_SPOT,USDSGD,28,2026-W37,1,LOW,4,19,4,19,4,19,4,19,3,16
FX_SPOT,USDSGD,28,2026-W38,-1,HIGH,0,7,0,7,0,7,0,7,0,6
FX_SPOT,USDSGD,28,2026-W38,-1,LOW,0,15,0,15,0,15,0,15,0,15
FX_SPOT,USDSGD,28,2026-W38,1,HIGH,5,4,5,4,5,4,5,4,5,3
FX_SPOT,USDSGD,28,2026-W38,1,LOW,9,5,9,5,9,5,9,5,9,5
